epoch_ms,worker,status,time_s,orderId
1783973630444,3,202,0.190985,8faea092-a5b9-4738-b959-3957178a87e0
1783973630444,1,202,0.270155,c013d769-4492-492e-9e5d-9910296dd7fa
1783973630444,2,202,0.271526,1975ffe3-e07f-4480-87da-e2349333e1dc
1783973631009,3,202,0.106917,873c942c-f056-42c6-ae40-95148925840f
1783973631067,1,202,0.117862,97e99053-66de-4f3d-9560-ea5568f12497
1783973631067,2,202,0.143890,9eb2c457-7c54-489d-91f6-e1bbd09e28bf
1783973631471,3,202,0.186657,8ac22570-e962-4942-8698-285e5c9de6ab
1783973631539,2,202,0.148204,c4a78d48-c5f2-4101-b955-af1885e74b00
1783973631523,1,202,0.228676,cefa47b0-4eae-4444-a620-53ae3876df84
1783973632006,3,202,0.112476,e6a18124-c8dd-4851-a835-1a556dbf0a7c
1783973632021,2,202,0.146075,374d3003-42ce-4185-965a-7b48fcfae95a
1783973632087,1,202,0.118213,b56498f7-ca98-4304-b754-e10771981b68
1783973632465,3,202,0.118174,f383bba6-9d64-42c1-9cc9-1d2a3703e2b1
1783973632501,2,202,0.114445,a0431335-ca77-49ff-8383-74f7b0789068
1783973632537,1,202,0.130125,f04f77ee-6be5-4a0b-a4b6-be05b1de641c
1783973632929,3,202,0.108648,178d03f5-2689-4230-a0cc-27cd4353fba2
1783973632946,2,202,0.104721,28f85ce9-8940-40a4-b2e0-dcc8c69618c3
1783973633001,1,202,0.116249,973f5056-a290-4865-af14-6eb04f64f4e3
1783973633386,3,202,0.106275,fcd5cbdc-3d95-4805-b39c-5254e4feb721
1783973633392,2,202,0.105040,f010f108-ea02-4670-ac5a-eecb2eb79d9f
1783973633455,1,202,0.141689,f0b662bf-8973-4833-8f07-5afbf9f074c7
1783973633845,3,202,0.122947,741fe542-8130-4bd1-a959-a2f298acbe93
1783973633845,2,202,0.136499,8869244b-db3f-4a7a-80e1-5ae3801efe3e
1783973633941,1,202,0.132013,732bf422-998f-4c73-9b15-c1855f22ad89
1783973634327,3,202,0.112027,dd5c0ae7-ee26-490d-bf44-6009dfe6efe5
1783973634333,2,202,0.119081,4e4c80c2-0e45-4751-9741-3c9df96daf13
1783973634414,1,202,0.111380,a47afd63-fe94-486b-8c16-5fc200bf3cb8
1783973634868,1,202,0.139622,a3bb399e-d105-41b7-b6e3-c63159b4c809
1783973634794,2,202,0.209821,f583050f-0244-49b2-b4b9-7c6b7db8df7c
1783973634794,3,202,0.209842,c43ff75a-7475-43fc-93cc-bdaa3db93179
1783973635359,1,202,0.135416,46299ff8-32c0-4321-b3b7-1aa4e8700bcd
1783973635359,2,202,0.148988,a745d060-8084-49fd-b3d9-2d51e35d94d9
1783973635359,3,202,0.156242,48207a0f-970e-4f72-a02f-5235ed6809c1
1783973635867,2,202,0.108374,50cdf550-a8f8-4eec-a1a4-95ec28cd2cf9
1783973635869,3,202,0.112020,88b2e1fd-3dfc-4cc9-a58b-b9c9c7fe3fb6
1783973635862,1,202,0.132658,1ec73573-455a-4232-a991-68d91ede4b32
1783973636314,2,202,0.109348,47052096-c269-46ad-a03c-d74276548aa4
1783973636323,1,202,0.102728,7f1f01b8-cca6-4989-8aed-3c73e039c158
1783973636316,3,202,0.110584,49f97bf7-8a6d-44da-b371-d49d8bef55d8
1783973636762,3,202,0.112620,7594775c-a025-4e58-9f43-a23c485288fe
1783973636762,1,202,0.112591,8555d5ca-9a9e-408a-9ab6-4a8937b3b55e
1783973636761,2,202,0.115101,5a46f95d-d0e9-4d03-a320-4384efac6f9b
1783973637218,3,202,0.109749,72512257-e782-42b3-ae77-37a2f75a9c87
1783973637218,2,202,0.122166,0323176c-1327-4b17-82dc-402fc8d9ef99
1783973637218,1,202,0.126943,026fd1ef-2c11-473f-bf91-a711a47593f6
1783973637688,2,202,0.108327,9e04d1a1-8241-424d-a105-2b03c73a600a
1783973637688,1,202,0.133798,dc7249f8-422d-49a7-a23f-288aa9d1198f
1783973637686,3,202,0.153006,570e0c0e-e22b-42e1-84ea-888e8f37d514
1783973638155,2,202,0.112419,8cab3439-eeab-4a01-bf06-0d694d233c52
1783973638162,1,202,0.110556,d7300975-3cc2-4b0d-862b-4b3eeecba687
1783973638174,3,202,0.117004,ffee2783-4709-44e3-8f55-1ab34e01a839
1783973638628,3,202,0.122712,e10d3b25-18c8-4efa-b7a4-6910aa7a1015
1783973638619,1,202,0.143185,74de56e5-a312-47e2-9d55-c7772fa411d8
1783973638619,2,202,0.167805,2a922b62-f490-48f9-a408-ac464e3333e4
1783973639115,1,202,0.116666,2cf1194a-2cb1-4b5c-9d64-5c6a8ca15dcc
1783973639112,3,202,0.148910,b0063f39-0aef-430e-a9f8-56ff88f8bd51
1783973639129,2,202,0.142771,ef6b24f8-1b89-4cb9-8ef7-fe2df1ce0c5d
1783973639605,3,202,0.109153,b92d9e4e-aeac-4aa6-8e08-4b4bb1bb0ec9
1783973639605,2,202,0.107292,7ee30e88-b579-4c74-bebc-9c897ba62b33
1783973639583,1,202,0.152814,cff4915d-93e5-4630-9405-1d5628b20b31
1783973640065,3,202,0.124314,cfee0e9c-ab39-4653-9f62-23511b14c643
1783973640065,2,202,0.131857,ae177053-ee9c-41f3-b24c-6f7d0c31f4e4
1783973640081,1,202,0.123180,4ddc5c7c-728a-4939-9ab8-9cbe5c2fedcb
1783973640544,3,202,0.109855,9d25fb63-a21e-44b4-8ca1-ef0c6e632790
1783973640544,2,202,0.173412,5ded6c2d-4782-4f89-91c4-9023e0c787fb
1783973640548,1,202,0.173067,db788844-e652-4ee0-a78d-7246ee50db66
1783973641000,3,202,0.113168,baae9bbf-29da-484c-82ca-a4e91e0764ad
1783973641057,1,202,0.112205,81834058-4ad4-4e2f-86d6-6cae873993be
1783973641057,2,202,0.145347,30c018ef-10d8-496e-8d7f-410528ff234f
1783973641454,3,202,0.122884,dd68a017-a803-414a-b8f9-d6bfbedf4f0e
1783973641505,1,202,0.118876,5d1ad8cd-92ff-4d8a-b666-98024ec4436e
1783973641537,2,202,0.129838,34471635-47f9-414f-a0b7-87211a780396
1783973641912,3,202,0.110544,900d6018-0c90-461a-aaa7-60d6854d622a
1783973641957,1,202,0.107565,5cc3765d-3898-4a9a-9634-26e76779e6a3
1783973641997,2,202,0.103810,263e58d5-8fb2-42bf-910d-dc519919c278
1783973642359,3,202,0.110952,af213d02-6099-4468-b95e-e7118951b7de
1783973642398,1,202,0.109320,07954925-b62d-4821-8828-7422fb836f42
1783973642431,2,202,0.120838,54772e80-43d2-4b4f-be58-1adc65a9b329
1783973642800,3,202,0.106291,5407beef-0796-4de3-b3db-9e0eb8669cfb
1783973642837,1,202,0.106662,312b6ec0-f469-432c-aaf3-d1b93df90641
1783973642878,2,202,0.114436,17ff24f2-2ee3-4dc2-a29e-03607b00d208
1783973643249,3,202,0.105578,93cb358c-1bf5-42f0-8b99-5746de9df5f5
1783973643278,1,202,0.114138,d4bbe4a2-0c1a-45f0-9ae6-c526144ed3e6
1783973643327,2,202,0.106679,3148ec82-d7ee-4661-9478-1f3b37adda06
1783973643699,3,202,0.114207,2e5b12e7-841e-4cb6-ac07-cb101d04256d
1783973643727,1,202,0.103767,150b45c7-1101-4cf0-a51e-fd247dbe4279
1783973643778,2,202,0.149594,c4623d0c-247e-4c4a-808f-85c1848dd6cf
1783973644148,3,202,0.105714,1e67e484-ba5e-40c5-9c49-3bf57544a299
1783973644162,1,202,0.112522,b3976b6a-e351-4886-a93d-b1906123362b
1783973644278,2,202,0.112668,d69e4386-3964-4048-8f88-7ee9fda9d38e
1783973644616,1,202,0.111353,511a1e63-142b-43bd-9276-e3201dfc1d6d
1783973644616,3,202,0.116240,67959a00-8de6-4122-9331-ca388fbcdfaa
1783973644737,2,202,0.106620,3c31be86-7eb2-4ef7-aadd-d51df4762cef
1783973645072,3,202,0.142833,df941f7a-0bd9-46ec-9366-c76549fb58f1
1783973645072,1,202,0.144851,749dcfe5-5681-4ec6-8140-36f3b4e8c554
1783973645183,2,202,0.104314,0f447c5c-59cb-44e2-8e8c-54302a4eccb8
1783973645547,1,202,0.106135,4343a047-8118-4d1f-a192-936e4a499dd6
1783973645550,3,202,0.106199,7715a6f7-2a2d-4162-ac5f-56c48937c361
1783973645620,2,202,0.107778,43dce617-8937-4658-9078-b3f8ff2cedd8
1783973645993,3,202,0.110513,0ee828ec-f3b7-42b7-844e-ca7cae079ecc
1783973645993,1,202,0.109222,d7cd2fce-ba6b-47a0-b0fe-9497038cf781
1783973646064,2,202,0.115711,a721331f-a3fe-4c3e-849b-eabc22d65814
1783973646454,3,202,0.111696,028959bc-1ca2-425d-aeef-4af924130f3b
1783973646454,1,202,0.110056,656f77b2-7d6b-4963-b201-084c95028c89
1783973646524,2,202,0.120811,de22070f-c958-4a80-af3a-e6d509b18765
1783973646915,1,202,0.106490,9b7d4069-f73e-4c62-a587-bad6493d159b
1783973646915,3,202,0.107866,c55cf951-8495-4449-b83d-714adaabcb2c
1783973646987,2,202,0.115615,136544a9-676a-4616-97b5-e4bd607ad51f
1783973647373,3,202,0.114759,a6d376ed-e132-4054-af48-481f555e433e
1783973647373,1,202,0.114758,5b12b606-ba86-4201-bd20-5b77f79688d6
1783973647443,2,202,0.106550,15a359c3-196b-4cff-9783-b3617a088cc4
1783973647850,3,202,0.105997,9860de52-59a7-4907-956b-22c3e380d583
1783973647850,1,202,0.113595,de4d0986-d78b-4230-bf65-ab36349f5e64
1783973647890,2,202,0.110271,d8fc2498-5536-4ee2-8da1-824a538166c8
1783973648316,3,202,0.106205,56f3b393-e251-47d7-9ab7-1dbe7498aee1
1783973648316,1,202,0.120445,880f74d2-341a-4a59-a4af-e7941366eef0
1783973648339,2,202,0.111786,6025bcea-8655-4b65-95c1-f172bcd0194e
1783973648777,3,202,0.113121,f4852180-acd5-4391-94d1-e702c8183cfe
1783973648789,2,202,0.112288,fb289629-fa09-4ae0-93b6-9b2d7b4b6cb6
1783973648784,1,202,0.113272,035eef8c-7f43-423c-86b1-e91da9cdeb53
1783973649256,1,202,0.110418,81954fa1-8019-48ba-b2c6-10745477c94e
1783973649256,3,202,0.112268,692cd555-1110-458e-ba9c-2690b4ab34b1
1783973649256,2,202,0.115770,cac23075-a84b-46cf-9fe2-c0c6e5ee2014
1783973649738,2,202,0.110854,9492dc0b-c99c-4620-8c3e-5dc9d85b888b
1783973649738,1,202,0.110856,6b3cda83-6518-4947-b90d-37018d04b8b3
1783973649738,3,202,0.114362,eace6823-d4da-41ca-ad34-f433515f94d1
1783973650208,1,202,0.118231,6d0dac33-f8bd-4909-91cd-7b86b9db6c3a
1783973650208,3,202,0.121662,e040873d-27b6-4bee-a86f-89147c03c2bc
1783973650208,2,202,0.121660,c56db261-5833-48f7-b4a6-c10dfe881d44
1783973650697,3,202,0.115245,10ed0053-ca1e-4a97-ae45-2ff9dfe2ee73
1783973650697,2,202,0.118910,fb1caa74-a8e3-4c99-9d37-7beb96ab718d
1783973650697,1,202,0.121131,813672a0-1843-4b99-8ccd-d0f0c684efcd
1783973651182,2,202,0.117069,48287cc4-f05c-4baf-8302-e89d2be92c14
1783973651183,3,202,0.117064,0fff226d-c0bc-4881-a294-0be589e08c39
1783973651183,1,202,0.117049,f7848a00-c118-48a2-9b3a-d08336352a08
1783973651660,3,202,0.105647,7ac0e79a-4d04-4b02-a9e8-11da9a558f11
1783973651660,1,202,0.110090,ee914936-513b-467e-b78c-ca8f3766c179
1783973651660,2,202,0.108367,4467846e-e5ff-4471-a0ae-cbf36ea5b589
1783973652134,2,202,0.110169,332dc22f-7477-4c97-b368-81c03ac6ee6f
1783973652134,1,202,0.130108,282df39f-aaf6-43ef-a550-fbfac98c4e72
1783973652134,3,202,0.130137,871b0858-f656-4cb1-bbfa-a157ea06770a
1783973652617,1,202,0.112208,7a440d80-eed6-49b4-aa71-8a9f07c906a9
1783973652611,2,202,0.116438,d9fad55c-f6e9-4415-88b7-12d5eb1f5814
1783973652617,3,202,0.112149,077c7479-f497-4dcd-af1e-87f4146e8d49
1783973653095,1,202,0.108203,6f44a236-25e8-4957-b7ae-6f8aa1574b8b
1783973653095,2,202,0.109360,1c766c61-c9d4-4ac3-b732-d0f3146303d1
1783973653095,3,202,0.112229,18333126-58ed-4ea1-81e3-691e69773ae2
1783973653558,1,202,0.109087,ab0225a5-58b2-4fd8-9cae-d3f00ae311e4
1783973653558,3,202,0.108036,60021117-c910-4b02-96df-618f1baad0e0
1783973653558,2,202,0.124078,b6e90d2b-17b7-4562-be9a-b0ad43185315
1783973654018,1,202,0.103122,b07341b2-315e-4ed9-8c59-b00dcff601c7
1783973654018,3,202,0.107371,31526409-2abf-4dac-85a3-2d156fc6955f
1783973654025,2,202,0.114205,edde209e-56da-464f-a244-d119a4b2b7a4
1783973654454,1,202,0.114339,36c72911-ed55-48de-9c3a-2d35f08df758
1783973654454,3,202,0.114319,80c8b7db-5c07-4c8e-bcde-9e0a627d08ed
1783973654463,2,202,0.118266,e249094c-bd02-4135-98a2-936c1f1a2476
1783973654919,2,202,0.104544,887ef432-d48f-4b8c-83ce-8bded7aae4d7
1783973654916,1,202,0.104309,889d070a-4889-4d69-ad36-5146ba1f5a4a
1783973654916,3,202,0.110627,167492f1-17b7-4a13-8d1e-fcec190ef16d
1783973655356,2,202,0.117797,66064f80-c263-4d75-bcb7-504541131450
1783973655359,1,202,0.120525,0f06a69e-8fe9-4f74-a1a0-c3f5cfbb52d4
1783973655363,3,202,0.116528,fad8d585-f55c-4787-a7fd-58170686db72
1783973655829,1,202,0.113363,2efa9799-0640-4045-b6ed-87959a5463a8
1783973655829,2,202,0.111950,432b14cc-bb86-4706-a5d6-dd65e27a6151
1783973655829,3,202,0.116539,07ca1e63-edb4-4ccf-b3f3-e8c94bb79e30
1783973656290,2,202,0.115350,8559875e-bed1-470e-9049-882ba878086d
1783973656290,1,202,0.115372,147e34c0-5273-4e24-b289-1edfcdf58864
1783973656290,3,202,0.115342,75857cdb-9f54-49d5-90d1-b88b23ec4dfa
1783973656757,1,202,0.108095,10888ea4-c7a3-4b81-a9f8-244aef01e222
1783973656757,3,202,0.111163,667456da-c9ab-4af8-8c24-df36bc3ef7b8
1783973656757,2,202,0.111125,3d186b63-0452-40f3-ab13-df68ff54753d
1783973657225,3,202,0.111931,311579ff-0824-482f-b604-ef48e36b910b
1783973657225,1,202,0.118611,a7a050ec-cb55-42af-b094-5d7a801eb86c
1783973657225,2,202,0.118618,6f4e916c-c446-4e86-858a-905b1b228ca1
1783973657709,1,202,0.110267,d3593b81-4af7-4c36-9efb-d834461616f4
1783973657710,2,202,0.114838,4ab94ed0-0e18-4656-942c-81e2304046f5
1783973657709,3,202,0.114852,c97a83f1-21c9-452d-a2ea-06261c23432e
1783973658187,3,202,0.105730,4cfd73fd-3795-4c27-8e00-2b931bfa114b
1783973658187,1,202,0.112578,42074e36-ae39-4795-ae78-75dd2caa28aa
1783973658187,2,202,0.122980,b9eedbf7-c0c5-4062-a8bb-9161250941a7
1783973658649,1,202,0.108807,180ca9a3-1905-4fa7-bdde-5ab7ff793371
1783973658654,2,202,0.105306,dba0b5c4-21fc-4c6d-9b43-eb1fbbe068d6
1783973658650,3,202,0.111344,50770570-26ce-481c-ac00-6c46f9c0a356
1783973659106,1,202,0.119742,9b25428a-cfb5-4608-b6dd-6a413f3bd1e7
1783973659106,2,202,0.119699,f4ac938d-1dc1-4658-a39b-6f08223d3c0c
1783973659106,3,202,0.122002,a3f7c8aa-c3c6-4c75-96ad-d40859567ad8
1783973659588,3,202,0.114077,558cc9ec-0fad-4f2f-bcae-5dc74fd69606
1783973659588,1,202,0.115883,7280460c-1e7d-473c-bd58-0204593bb66d
1783973659588,2,202,0.127377,d72ae80c-4043-4e1b-bc9b-06cf241937bd
1783973660070,3,202,0.114162,a3fee37f-6393-42cc-b075-782bd794be1e
1783973660070,2,202,0.116229,881c9d03-d219-4016-9f59-e5496475e48f
1783973660070,1,202,0.111831,fde03f5c-0587-4b58-abb5-e463dca68ac0
1783973660547,2,202,0.114105,6fcb2881-a4af-42d4-b27f-46dd5342ec3d
1783973660547,1,202,0.111884,c01d36e6-0e71-464a-8a93-8316216a959b
1783973660547,3,202,0.114116,2893d8d7-e925-4fd6-8470-741c7dac75c8
1783973661020,2,202,0.128025,f94eacd7-07d5-4d43-a3f6-83179a036c1c
1783973661020,1,202,0.130600,5cb742a4-94cb-44a1-8e6a-7cad9b706338
1783973661020,3,202,0.130620,2bf9077d-1493-4eb5-91e9-8fc70bf44538
1783973661515,2,202,0.132864,cf5e3a95-0df6-451c-be02-bac1a42c4873
1783973661515,3,202,0.134275,2935114b-0ee7-4bd4-8ded-a5ffc342e6a3
1783973661515,1,202,0.132855,c41abc43-2be9-421c-b7dd-17790e4e77bf
1783973662018,3,202,0.115074,fbc8d881-4833-43e1-84d5-f205d8fbfcb8
1783973662018,2,202,0.113168,885b1922-bf8e-4f6a-9f21-38cdad822c57
1783973662018,1,202,0.117478,6f0ec4c6-7885-4a7b-8f8d-40126c6cf7f6
1783973662506,1,202,0.122927,da52c0f4-fcba-4ab8-826e-3a31cf332062
1783973662506,3,202,0.130221,4f655f9c-939e-4a61-8c3e-04cdc4d2e3ba
1783973662506,2,202,0.131749,056c55ab-4012-48a7-aa45-5ebc9d7c5661
1783973662991,2,202,0.107398,5ac8781d-1681-4384-aec0-664d7027d1c4
1783973662991,1,202,0.109536,ebf7affb-0705-47d7-8f8e-90caccba4cc1
1783973662991,3,202,0.112529,fbff49dc-481b-42d1-9d76-2561885dd21f
1783973663469,3,202,0.117931,134fef6a-4ab8-46d2-9c42-7127dad1d77c
1783973663469,2,202,0.122698,04bc6f5c-8192-4bdd-be71-cee381b38860
1783973663469,1,202,0.142264,8a818c82-e952-4b2e-8a94-2c2fad3880aa
1783973663961,3,202,0.122829,01cbc4a4-cb85-4a05-9904-23dc5fd66697
1783973663960,2,202,0.122847,670ec2e7-f874-42e8-af9b-683e8b6a4f5e
1783973663969,1,202,0.119797,da24127d-d71d-4eba-a035-e4fa1f12bcfd
1783973664454,3,202,0.110209,eaebb8f9-dd89-4f2a-ba5e-2f00aef8377b
1783973664454,2,202,0.113279,8be9fb9b-1109-41ec-a47d-adf775bf3bc0
1783973664454,1,202,0.116430,535a9a8b-745c-42b0-9221-2922e25e84ff
1783973664938,1,202,0.111628,7c6f9c84-1816-4331-8fa5-1cc2ced4801b
1783973664938,2,202,0.127969,aa4b1ab6-baa4-4f67-b29b-e4c6a2bc4101
1783973664938,3,202,0.145254,6c9b636e-c043-484f-b324-ed245511c3d8
1783973665421,2,202,0.117444,5d5b1606-c4a2-416c-8da2-091e247cbc53
1783973665429,3,202,0.127182,254422d1-0904-4baf-b5dc-718817fdabdb
1783973665415,1,202,0.142143,c11418cd-fe9d-49b8-83c2-8144e716e8be
1783973665904,3,202,0.113288,218a8697-704a-4dee-a54c-f47928d073bf
1783973665898,2,202,0.112309,5e14c397-0848-42c9-b852-5de364136406
1783973665908,1,202,0.117723,be87a784-d7b1-4a0e-b6e2-8215bdc004a2
1783973666382,2,202,0.114152,46cec6b5-fab4-48ed-8e45-588beef225ac
1783973666382,3,202,0.114122,68ce8f2c-31f6-46e7-8dc6-7c4738b63d95
1783973666382,1,202,0.114176,4cbdf2c1-473e-4636-a937-bb27dfcd8616
1783973666870,3,202,0.117796,1828c565-e486-4ab3-9312-3aa1a0a3f1fb
1783973666870,1,202,0.117821,a3c1eb7c-640b-4730-8c8d-0cbd05470626
1783973666870,2,202,0.117807,e19d58b3-0b5f-44cd-ae64-3acd72ccc668
1783973667353,2,202,0.111437,bd9beb17-dbbc-4d37-9595-ef45060ce5bf
1783973667355,1,202,0.113101,43dcf6a5-3587-4824-8ed1-fb1e8c4fc21e
1783973667353,3,202,0.115869,b1f4c2f0-9b13-4718-b1ef-e33451ab3b37
1783973667822,2,202,0.108483,5e4014b7-1a6a-4326-9f04-fb5e808062b0
1783973667822,3,202,0.110855,df574a44-175a-4ec7-83b6-96f7eed9511e
1783973667825,1,202,0.112200,18d68a18-87c3-4139-94cf-7e95ef86f660
1783973668274,3,202,0.112901,6a9c8c88-83c4-4d22-94a1-780f2cc609a7
1783973668274,2,202,0.113916,bf5b0bdb-ae37-4080-a36c-fbea4bbcaf4e
1783973668276,1,202,0.121516,37d8f372-87fe-47f2-8aa8-63fc42d6b6d6
1783973668749,1,202,0.118973,476fcd3b-426b-47f6-86a8-859de69b8dca
1783973668747,2,202,0.145881,6384af7d-e82f-4e88-a31b-f16691417677
1783973668747,3,202,0.155925,692484fc-bd1a-4b87-9123-43b081a7c970
1783973669204,1,202,0.108447,990f0d0a-9fd5-4ebf-b7fa-87e677a4838d
1783973669225,2,202,0.105253,ddffe276-33bf-45e4-8afc-d2af615a6f0b
1783973669236,3,202,0.110497,9838697c-b261-4a31-97e6-1899ba3d47f3
1783973669671,2,202,0.115670,0b002a8d-b688-4cb6-8b6d-c324c4f98e00
1783973669680,3,202,0.131249,86e5b49c-e922-4e80-a902-94b7d0147498
1783973669663,1,202,0.140846,d3dd78db-f4d0-4790-b125-816bc2b4afde
1783973670135,2,202,0.122321,6fcb69a5-81b7-47b4-9d2f-250121e91eff
1783973670151,3,202,0.113789,99106091-22e3-47c4-9938-ba344e0df6a1
1783973670151,1,202,0.121396,edfe66d8-99b5-4d08-9334-f53127c63424
1783973670616,2,202,0.117245,edaea9c0-b9f2-4e04-8723-039c24a9e394
1783973670616,3,202,0.186283,5e5c5b31-9d3f-479c-bc82-be2684dfca8c
1783973670620,1,202,0.186298,58d6036d-4d31-4cd0-804c-ec8528325e99
1783973671098,2,202,0.145896,c914a113-f13c-44a8-b474-ad2b09fcbebd
1783973671153,3,202,0.181571,53151aa4-26df-4c64-af11-bc78cdab4a16
1783973671153,1,202,0.181566,0a45d6c8-e2c2-4eff-95bd-90bdefedaef9
1783973671592,2,202,0.108905,46566f33-9172-4d41-9c68-6b509c4cbe91
1783973671681,3,202,0.112700,3290114d-3b89-4e33-b6a6-c833935bb514
1783973671681,1,202,0.112704,a80052c8-d4b0-4109-acc0-2c59f0cd1e48
1783973672056,2,202,0.115526,6faadb6f-872b-4c98-aed1-82291c88fd07
1783973672144,1,202,0.109535,57de69fa-0d6f-4e10-95f5-a35b7a9059fa
1783973672144,3,202,0.114737,b8161bab-1799-4cce-bb72-80ed0c834ba5
1783973672524,2,202,0.114322,f6de9eca-4b4e-46a1-ade1-b61bbc7b66a1
1783973672602,3,202,0.112405,c45a118f-b25a-4e09-a90a-afd8c501b552
1783973672599,1,202,0.113221,d0a32122-9645-437a-b5ba-4c0f1d5d2491
1783973672987,2,202,0.110572,d067c6fb-39bf-4ae6-bdd6-781581440b8e
1783973673055,3,202,0.123555,53f71036-2e1b-4ca8-a8b9-4ccc16bd0c46
1783973673058,1,202,0.124809,db1c26c5-9586-4259-8ff8-035567b0a83c
1783973673442,2,202,0.115432,f4ddf1bf-72a5-438a-a627-8c1df5065b55
1783973673518,1,202,0.111880,b9296cdc-e216-496d-90e9-c8dba7fd1038
1783973673518,3,202,0.111898,8dd7a163-0417-4cad-9677-cd60bd98759e
1783973673912,2,202,0.110041,cec014c6-07e8-44ca-a338-81ee686d9d14
1783973673974,3,202,0.107965,bf82fc1e-490b-4e1f-9600-e5f2ad1724d9
1783973673972,1,202,0.112075,8142b3a5-380a-42c7-90d2-76c73f5dd327
1783973674376,2,202,0.113776,31e1a5c9-85f8-49b1-a121-4fed2712ebca
1783973674420,1,202,0.125060,fcf775a4-713a-4baf-9510-7e81ae3fe0d7
1783973674418,3,202,0.188311,1a746c9d-c637-4695-9e9b-e30c7ee77f00
1783973674846,2,202,0.112105,7a7eafc6-13d2-436b-86bd-8225741f9cf5
1783973674885,1,202,0.106310,4158f6a8-9633-4e33-8d08-6c29aca2ae51
1783973674946,3,202,0.110412,7ef755b7-a012-4035-a566-96f85e415fa4
1783973675310,2,202,0.106519,2d4f4fd0-8aae-4688-99db-7c7eab02dc4a
1783973675328,1,202,0.105932,ed8fdedc-5aa5-4861-b6ae-f2c8920f6921
1783973675389,3,202,0.114472,0aac827a-c6bb-465a-930d-1877842c5bd8
1783973675774,1,202,0.108354,53f9243a-e8b8-49a1-a05b-3ee719b361c7
1783973675769,2,202,0.112805,16d1e1fe-1863-432b-b07c-8f578a77e503
1783973675840,3,202,0.116350,ffbcd13f-1558-4c5b-bbb9-2f07962a8a8f
1783973676236,1,202,0.111585,aaee4bb9-5712-4ca9-afa1-5c116ece1d73
1783973676236,2,202,0.115403,129a105a-3354-4c6a-979f-94e08cc3cc5d
1783973676299,3,202,0.114301,c984e89d-9054-47c7-bb2f-db27604a39b2
1783973676702,2,202,0.114736,9f14cfc4-7044-4115-90f2-8069ff9b97ba
1783973676702,1,202,0.114737,0c049941-3bfe-4e48-941a-9551c4812ff1
1783973676753,3,202,0.112202,eaa4f23f-6904-48e7-9448-b7d6bb95a56c
1783973677174,1,202,0.110285,7cbdcea1-5afc-46d1-b95c-b446d62e079a
1783973677174,2,202,0.108514,b1e1042a-6868-45e2-af27-f224aa5b90d1
1783973677204,3,202,0.117759,f89ac3d4-9dae-4729-be22-b8c3fc9fd39b
1783973677660,3,202,0.108972,e87d3ce2-0aa8-4f41-a79a-1ed4e78d28f4
1783973677644,1,202,0.115693,20f391f1-453e-408a-93cd-2acdc05be623
1783973677644,2,202,0.116919,acde316c-f6d9-42dc-a453-3afd5bd5d460
1783973678122,2,202,0.110958,eb5fdb5f-2118-417a-adec-5d0ba3f8e697
1783973678122,3,202,0.110677,95a25b6a-5385-448d-865c-a89162c0e8c8
1783973678122,1,202,0.112646,4daba104-e967-43c2-9ff4-9ac241e6188a
1783973678588,3,202,0.116453,4e4665b0-0059-4b24-bac6-b81196934313
1783973678588,2,202,0.120864,ab8c2fa8-d5c7-44ac-8d6b-5c701f5a5b24
1783973678588,1,202,0.127065,f9b7b54a-f627-4335-9388-ac08b6bdc0f7
1783973679075,1,202,0.132505,c241af3e-7c25-4ccb-9613-cac6d2f88fd2
1783973679074,2,202,0.132582,3593669a-969c-494d-91f6-b4516edfb4c2
1783973679074,3,202,0.134864,0e9b8d61-bc86-440b-9d24-8dd02119ec21
1783973679565,1,202,0.112360,cc74193c-5f82-48e5-b286-031961de5614
1783973679562,2,202,0.126768,621e3378-9186-46fb-9bf6-b9c41e773d07
1783973679562,3,202,0.127426,7d886b68-20bc-4f44-b35a-cec6c4538a47
1783973680060,3,202,0.111006,91eafacb-2665-4609-af30-cf702c33f345
1783973680060,2,202,0.113745,6bea5520-b767-4667-92d2-c2fccc5e100c
1783973680060,1,202,0.117389,4d10f4a0-89d8-4e76-ae6e-d4c65f92c4eb
1783973680540,2,202,0.113196,5c0e4a5f-423f-4b96-997c-03575783e3ad
1783973680540,3,202,0.113176,f814aa5c-1026-4f21-a3c7-94845e99f849
1783973680540,1,202,0.131051,27d2b8c4-5ab2-4bf2-aa9e-961cc682fa7e
1783973681025,1,202,0.117222,c1f070d7-07af-474d-a6bb-d6bbddc8e081
1783973681021,2,202,0.116733,aa8dd7fd-cdb9-4dbf-b4e4-b4f00a31c64a
1783973681021,3,202,0.131975,3f307d40-e11f-41dc-a406-50f4d1903d27
1783973681502,1,202,0.108470,cd7392c0-bccd-44ee-8399-341709286d3b
1783973681506,3,202,0.114726,643fa569-955f-49e8-ba0c-1fbe8b78d9e0
1783973681502,2,202,0.120319,035ffcda-498a-4cbc-aa97-4a008d4d93e6
1783973681969,1,202,0.108861,b6d3e6cd-3502-458c-b4a5-2ef05a0b3eca
1783973681974,2,202,0.110282,d1137655-027c-4b26-80a6-983d9227be31
1783973681974,3,202,0.111962,d61e6b25-7b82-41d9-a32e-83c68a4838e3
1783973682439,3,202,0.127620,f892bcbb-3eac-4ac6-af24-9d1b081d6a94
1783973682439,1,202,0.138449,85ca20f1-e973-4cfd-b4a2-d4a9751c688e
1783973682439,2,202,0.138413,4d29fb50-a4ca-431e-a8c4-59cb72382d7a
1783973682922,3,202,0.114211,e51bb034-d351-47a3-92cf-a26f1206a204
1783973682929,2,202,0.109260,17c83fb6-b2e8-487f-8c3a-5e880a8d535b
1783973682929,1,202,0.109330,0820afc1-b2ee-4325-a2cc-d6a75eff6d28
1783973683396,2,202,0.127864,21fbad31-2b48-4b9f-8bdf-3bb9456617d2
1783973683396,1,202,0.145709,182e3adf-8807-4d6e-9581-7e5c8c4d089a
1783973683396,3,202,0.145682,89f7cc26-943d-4d10-80a7-533ec1ebfa7d
1783973683894,1,202,0.105793,87700426-82f7-43da-a2f9-738a0d66d8bf
1783973683891,3,202,0.135528,da7b8975-2429-481b-aace-ee7e66548a4b
1783973683888,2,202,0.149300,ea0f27ef-5a76-4e2f-abc6-e1f4bb5dddc3
1783973684353,1,202,0.112548,22faffad-e655-42f4-849f-1450a00e72a7
1783973684365,3,202,0.106632,de8e0709-b42f-447a-95d8-e06c795199a0
1783973684372,2,202,0.105226,1619f6a0-cbd5-4930-8df9-e434f375c7bc
1783973684825,3,202,0.121732,f9cae4aa-645f-452a-be89-07653ca856c9
1783973684825,2,202,0.121642,8a28fbff-e5c9-4468-a7df-bf8d2d853d53
1783973684825,1,202,0.121643,84132092-6005-4fa1-a151-3ff1099029be
1783973685321,3,202,0.109232,07b10f77-4df4-4c5d-ba53-1618bf049434
1783973685321,2,202,0.111637,6e4b6a71-e898-4479-a2a1-c563506f8f5d
1783973685321,1,202,0.110413,19b92704-1f93-4aba-8def-3d29a45f237b
1783973685797,2,202,0.110571,07e988c4-9fb3-4136-af35-627a26abfb8d
1783973685797,3,202,0.110526,2e0a6093-668e-4814-b9a1-0376376e83cc
1783973685797,1,202,0.107647,a004c01d-a9da-4e65-a127-889734ecd248
1783973686274,1,202,0.116277,b46e8ee4-98bb-41f5-a7e1-ad808ce7f6d2
1783973686274,3,202,0.116292,304414ee-84be-451f-bc6e-9ef93d1d82b1
1783973686274,2,202,0.113538,2697591a-6144-4d69-ae32-2d454ade70ec
1783973686767,1,202,0.106299,905d0d8a-f595-4045-ac22-7bb52e9d5e30
1783973686767,2,202,0.112415,a7eb9c82-ed29-4316-9890-c944e510f70b
1783973686767,3,202,0.118946,a8333dc2-5b3a-4a71-871e-73ae728c5834
1783973687248,3,202,0.107223,6c8dbf31-4b94-4452-b44d-cf1bddd1c298
1783973687248,2,202,0.112718,2f3222a6-87c6-4953-aa5b-efecbf9aba03
1783973687247,1,202,0.118339,fbef6792-84b3-4b7e-922e-7f089eb5ce66
1783973687731,3,202,0.109338,ab98f421-8f52-4793-8b92-60578d6e4ef7
1783973687732,2,202,0.109206,0f03aa49-6a5b-4c3d-822d-e1a90574bb64
1783973687732,1,202,0.106425,b3f8d1e1-998c-4548-9463-133470f3c08e
1783973688207,2,202,0.114369,146007e9-77ef-4794-a00d-b38c3f9212ef
1783973688208,3,202,0.114341,5106f489-48a8-4b7f-8d7e-169bb8b98b45
1783973688207,1,202,0.113627,6f2349d5-0891-4acf-93fa-a8670607bc98
1783973688696,1,202,0.112681,495c7e80-0f81-4895-99e0-e19fd657ea16
1783973688696,3,202,0.112246,71e1b2b8-9b61-4f19-bcd2-1e9f74db7bf9
1783973688696,2,202,0.108801,34d9f9c6-60a8-4f73-a2d1-3336ffb3639f
1783973689181,1,202,0.111190,f428e2e6-4de5-4b4c-b643-95749cfc757d
1783973689181,3,202,0.112249,512518d7-6b2d-498f-b358-4bae97644c02
1783973689181,2,202,0.113728,9f714a2e-b602-464d-b71c-d1d8bfa51edb
1783973689646,2,202,0.113502,11976ed6-4a78-42f2-80a7-6956af8753f5
1783973689646,1,202,0.110978,0faf2de0-74e8-40ff-8b24-cb776cc200fa
1783973689646,3,202,0.113489,b3add265-c041-414a-ae8f-83d35e4aac3c
1783973690136,2,202,0.127086,b922621b-ca7b-4b9b-b0c5-36b27f760b83
1783973690136,1,202,0.125862,f5144358-3762-4dfe-8be0-dbe7029425af
1783973690136,3,202,0.132414,4d4f31b1-a73f-4f84-b68c-b2374cadbe85
1783973690614,1,202,0.107519,7b1129d3-52dc-44a8-90c4-6ef1391da092
1783973690614,2,202,0.108180,0b828b25-d536-4c2c-aeb9-675c66d5bdcd
1783973690614,3,202,0.111024,b28d9462-8590-4c06-93f5-7bc01be89595
1783973691068,3,202,0.116856,7a7ac35f-e610-4d5b-b118-b2dc1cf99f15
1783973691068,2,202,0.113118,07f62982-d859-435e-a0cc-da8a59fb3bf3
1783973691068,1,202,0.113128,bd895fb3-617a-4724-aed2-0cc77c1d0c13
1783973691542,2,202,0.108390,1cb3b5d3-0122-40a5-8cfb-17e14b89ebec
1783973691542,1,202,0.106082,00d50ca9-2097-4331-940e-9198df722158
1783973691542,3,202,0.132484,b417f304-30ff-4bb5-a943-94300496cc2f
1783973692009,1,202,0.104152,8b8b5ad7-9679-4e1f-b5f7-f9b1b6466bc7
1783973692009,2,202,0.114688,f5873e19-1c2c-4d57-b634-162355269c5b
1783973692020,3,202,0.116878,4c2c443e-4732-4169-9eee-784980c95699
1783973692457,1,202,0.106487,d21ad65e-2090-4a47-81cb-48e3b8f3db25
1783973692471,3,202,0.108620,326dd613-0a2b-444b-be0a-95f10d151c34
1783973692467,2,202,0.110348,6d74bea6-3e60-443c-b990-3b74fae8b3e0
1783973692919,3,202,0.109958,a2711d41-8c6f-465f-bb96-b41f9cfdf738
1783973692912,1,202,0.119120,3afcb70b-29e8-4af0-952b-6ad7bae4cb67
1783973692918,2,202,0.131962,bd8c34ae-da1f-4dfd-942b-b4905ff312b4
1783973693390,1,202,0.110327,d1b46eae-003e-4203-a833-f838813c34ce
1783973693390,3,202,0.111745,cc7e5c0c-8bcb-4d5b-b05e-36641c82c3e8
1783973693395,2,202,0.115580,25969adf-f240-40d8-8715-5c406f317957
1783973693871,3,202,0.109774,aa7f6853-ba34-4514-9773-d8ef645c7326
1783973693871,2,202,0.109766,0744a325-44f0-46a1-bccc-74f3d2c404e5
1783973693871,1,202,0.115961,16190594-80b7-4648-8551-d765b545bc5f
1783973694353,3,202,0.116069,b6856087-6b9c-4aae-8d6c-02917a15efcb
1783973694353,2,202,0.116087,4b560034-6b83-4af5-acd1-69a1c9b7bbe0
1783973694353,1,202,0.116089,e621e132-3e1f-4959-93ea-11428dcc7ceb
1783973694847,3,202,0.112325,67976596-1d8a-4c51-a1f5-2d3f61fb7f41
1783973694847,1,202,0.116862,ca4a8823-ac85-406d-9e45-6d63cfebe4b1
1783973694847,2,202,0.178390,607ee9b4-107a-4c69-a348-3bd297af4050
1783973695327,3,202,0.109560,53a4cc78-edac-4553-81bd-4aca822f86bc
1783973695327,1,202,0.114808,80f173b4-3041-4539-8dc9-b6423b2f5c0c
1783973695376,2,202,0.114576,f17c625f-20cc-4577-bfb5-75e91dcb8fbc
1783973695795,1,202,0.110751,44d8020c-fdd5-4af7-ae68-b8a0a0802796
1783973695795,3,202,0.109964,9ccd4753-e80b-48c7-8056-5bf6d7f343fc
1783973695828,2,202,0.129151,3b8ebdc3-fb3c-4dd0-be1f-f6da981b5685
1783973696263,1,202,0.118183,6f6086c2-be38-46d5-a164-3a4a188dfb4c
1783973696263,3,202,0.118170,921133c4-f3f1-4da0-a708-792b988b3512
1783973696292,2,202,0.111495,aa7d6d3a-dff0-4560-a5e0-51db63d09c1f
1783973696746,3,202,0.109714,2c093984-9271-485e-88d5-cd29e486c525
1783973696751,2,202,0.106967,5e32c0bb-3fc5-46c0-8070-59acbf0e03fc
1783973696746,1,202,0.115501,2bd72a77-58fc-41b9-b4c2-746e6cc860f9
1783973697222,3,202,0.110888,1e56221a-6f43-4909-b023-65f349bdf5fb
1783973697222,1,202,0.109169,ee1a05a7-1b9a-4b45-8e45-b81af3a7d614
1783973697222,2,202,0.116157,c93be042-af4c-43c5-a4ad-ada8987a94b8
1783973697703,1,202,0.106063,406562f1-80dd-4ea8-a68c-58ee5c51b1b3
1783973697703,2,202,0.117934,73841dc0-24c6-4734-bf91-22ced2cbeea1
1783973697703,3,202,0.117971,446e859c-26a6-4425-86d4-1e2fb5dda083
1783973698158,1,202,0.111793,bf714166-4438-43b4-b7d3-215e01881fca
1783973698160,2,202,0.111808,0026e71f-1bc6-4da8-8e17-bdaf01c99810
1783973698164,3,202,0.108523,dcbd6dad-75e5-44cd-9124-274b067247b3
1783973698610,2,202,0.189342,f053605e-e862-491e-aedd-af009efac26a
1783973698610,3,202,0.197196,457c90e6-ac86-45af-b828-a92def382db1
1783973698610,1,202,0.246690,4d0102f1-d7cf-4dfc-a7a3-395a60011ef0
1783973699143,3,202,0.130601,f57b94c3-4b94-4a68-9011-5781bd0f3963
1783973699189,1,202,0.252602,aaf0ea6b-cb11-40df-b980-229120ca3f04
1783973699141,2,202,0.335964,ae380fab-b082-4216-ba3c-e90982c06caa
1783973699615,3,202,0.110652,fc2621a4-5229-408a-ae8a-a39227412103
1783973699785,1,202,0.121197,356fa747-f270-41b7-9667-6f0e2368ee07
1783973699819,2,202,0.122460,94e4e998-2fa7-4df5-84ed-e5449545a9ea
1783973700063,3,202,0.137079,8f1f1213-835b-40f2-a791-c8c0cf5454bd
1783973700232,1,202,0.158449,99b34604-53bd-4ba9-8c21-734482caba17
1783973700270,2,202,0.135986,3de6a7e7-7634-4b44-94d2-74780182bb42
1783973700542,3,202,0.154792,c4e99277-375c-43d3-828c-c2e3f9ea6bcf
1783973700740,2,500,0.181216,{"timestamp":"2026-07-13T20:15:00.991+00:00";"path":"/orders
1783973700730,1,500,0.301111,{"timestamp":"2026-07-13T20:15:01.030+00:00";"path":"/orders
1783973701039,3,500,0.147684,{"timestamp":"2026-07-13T20:15:01.225+00:00";"path":"/orders
1783973701258,2,500,0.109797,{"timestamp":"2026-07-13T20:15:01.440+00:00";"path":"/orders
1783973701360,1,500,0.118842,{"timestamp":"2026-07-13T20:15:01.557+00:00";"path":"/orders
1783973701519,3,500,0.107487,{"timestamp":"2026-07-13T20:15:01.701+00:00";"path":"/orders
1783973701704,2,500,0.113181,{"timestamp":"2026-07-13T20:15:01.885+00:00";"path":"/orders
1783973701968,3,500,0.106412,{"timestamp":"2026-07-13T20:15:02.153+00:00";"path":"/orders
1783973701814,1,500,3.147954,{"timestamp":"2026-07-13T20:15:05.044+00:00";"path":"/orders
1783973705312,1,500,0.133117,{"timestamp":"2026-07-13T20:15:05.525+00:00";"path":"/orders
1783973702416,3,500,4.595753,{"timestamp":"2026-07-13T20:15:07.089+00:00";"path":"/orders
1783973702152,2,000,5.005743,curl: (28) Operation timed out after 5005 milliseconds with 
1783973705802,1,000,5.004231,curl: (28) Operation timed out after 5004 milliseconds with 
1783973707352,3,000,5.005724,curl: (28) Operation timed out after 5005 milliseconds with 
1783973707492,2,000,5.003073,curl: (28) Operation timed out after 5003 milliseconds with 
1783973712697,3,500,0.123856,{"timestamp":"2026-07-13T20:15:12.896+00:00";"path":"/orders
1783973711148,1,500,3.986272,{"timestamp":"2026-07-13T20:15:15.216+00:00";"path":"/orders
1783973713173,3,500,4.153961,{"timestamp":"2026-07-13T20:15:17.405+00:00";"path":"/orders
1783973712849,2,000,5.006793,curl: (28) Operation timed out after 5006 milliseconds with 
1783973717664,3,202,1.346850,a56d4bfa-bc19-43ad-a364-161e2c3308e1
1783973715473,1,202,4.075847,87444043-dc6b-4ac3-a95d-dd75acbe3f3c
1783973718198,2,202,1.367789,c679e08e-d7ed-4ee1-9a45-c85282891bc8
1783973719343,3,202,0.337380,2c057721-d6f8-4ae3-b73e-6ffc38b11452
1783973719888,1,202,0.106675,18921bb5-fe49-4df2-bf04-b8d5e0ac8ed6
1783973719902,2,202,0.111502,025680d5-9bf6-4e5e-80d0-dfa956add917
1783973720006,3,202,0.101015,ea217434-b715-4834-8212-f8b0b5422eb4
1783973720437,3,202,0.132049,2a61e1b8-2adf-424a-a525-1f54e29cec97
1783973720324,1,202,0.379874,8187ff7f-80d4-478a-84b0-98a07fee422c
1783973720342,2,202,0.462467,14ae8883-4408-43cb-9e18-2e4c6afd8340
1783973720904,3,202,0.105942,11ef0cc7-989c-457d-894e-06f9cd3b9ea7
1783973721040,1,202,0.109880,3df36f6b-a69f-4c7c-8686-b5bcf677cfb0
1783973721138,2,202,0.105300,776ccf97-a656-4488-a9da-2d402902a4a4
1783973721340,3,202,0.101697,116bc5b0-90c1-4570-88c7-d89ae21a28b6
1783973721476,1,202,0.118568,f784fd59-3a8d-4565-94e0-cadae2fbc025
1783973721575,2,202,0.114842,a7989fab-c209-4d61-9436-f328ebd7bb2b
1783973721770,3,202,0.121050,09376673-df23-4b96-a42d-3f7305bef87f
1783973721929,1,202,0.123911,d4c24681-5033-4037-b7cc-70b1101b2009
1783973722029,2,202,0.115232,d945305d-d5fe-4a91-8b0e-dee59322e185
1783973722220,3,202,0.116602,824de402-f890-440c-8aa7-928e44250959
1783973722384,1,202,0.106562,1d07a3a3-1de7-440a-a78d-1e193ae0538e
1783973722475,2,202,0.117104,27339e52-185e-4946-b78b-13cc1e1b69a6
1783973722678,3,202,0.109102,47821b55-c344-4154-b825-d1ed40e0bcfa
1783973722823,1,202,0.110232,7e2a885c-3fda-4e41-8f9f-bce488af0b5a
1783973722925,2,202,0.116896,28770714-a713-4cde-82b0-caeedcf6d420
1783973723124,3,202,0.119914,14d004eb-fbcb-4f78-8b28-94c85349a73a
1783973723261,1,202,0.102236,6a1e20eb-24f7-4931-8248-1804026697a6
1783973723378,2,202,0.144934,cede6ad2-7239-4950-9ffd-426640eee2b3
1783973723581,3,202,0.111918,e8fa7439-a88e-4f05-a6a6-413c7c6d8184
1783973723701,1,202,0.108080,b6d023c1-38b6-423d-b08d-0db776ca8e4f
1783973723857,2,202,0.119187,6217a04f-abfd-47f8-86d3-21ba8849f599
1783973724033,3,202,0.107007,2039475d-9dad-4b27-bb50-e66d38ccdae4
1783973724150,1,202,0.104285,c5779110-50eb-4a16-9e4f-25f7c389a870
1783973724317,2,202,0.104714,c2ca1b0f-819a-4632-a60b-2dc604b6292b
1783973724475,3,202,0.156528,7ed6d4b3-dcab-43c1-b9c8-a9c4140ece32
1783973724586,1,202,0.113023,57093156-44e4-4277-bc2e-0ebb362e2ddc
1783973724760,2,202,0.165407,17eda878-d514-4aeb-a30c-c1b69de20f8b
1783973724964,3,202,0.136087,ced0445b-9009-41d1-9566-9103a2d6d6ef
1783973725035,1,202,0.122381,4f4e608a-d2df-419f-b2d9-90d3eabf2e26
1783973725262,2,202,0.109341,2ece3c45-192a-4106-9e8c-107d20f6b7e3
1783973725430,3,202,0.144117,b52fa560-d9b9-4d63-9c86-8ccc46b4093d
1783973725491,1,202,0.128591,6d56603d-5cfd-4747-8cec-95eae95d4f2e
1783973725715,2,202,0.103027,e49080b3-7575-4af4-bfdc-c0c5b4b1560b
1783973725910,3,202,0.103455,5af8e50c-a3aa-4323-b178-fc81313d9936
1783973725954,1,202,0.102318,0ce55bca-d003-42df-a1af-569ba308739b
1783973726158,2,202,0.107376,da37f15a-7566-4730-86cb-696fac509d5d
1783973726349,3,202,0.112214,4bb4cefc-c6c7-4732-96de-7a837e8a83b2
1783973726389,1,202,0.119036,f2c0ef6b-4f1f-423a-8773-e290935acb9d
1783973726602,2,202,0.106097,fbaab173-e167-4269-bf76-169d153c97e8
1783973726793,3,202,0.110894,a8f32403-5d21-4562-8b15-16c27b16ac41
1783973726838,1,202,0.119258,48796030-20da-4d3b-9210-ece4cdad0137
1783973727043,2,202,0.162889,f2042f5e-b008-4900-9445-1108d4816217
1783973727237,3,202,0.123642,017b6a3b-3f8f-4e73-8784-0b026e58323c
1783973727287,1,202,0.127593,c8fa0d4e-57eb-4c13-a317-9dfbf0781bb4
1783973727546,2,202,0.106812,52dee9f1-38a8-4a14-8d7c-e91e328db9d9
1783973727747,1,202,0.108430,40852df0-b0ed-4f17-9779-fe7c5140d8db
1783973727701,3,202,0.166534,167565eb-e932-4273-baa0-973afaf0f71b
1783973727992,2,202,0.110970,c689c24a-db32-4d7a-b0c7-a78e3e1b0e0c
1783973728185,1,202,0.106507,865cf079-4ec2-4981-82cb-73d09723a230
1783973728198,3,202,0.145014,a4cae7ff-8099-4c92-bb1c-58be69d13216
1783973728440,2,202,0.302337,f16f3253-167b-47f1-9afa-69fbc8e5c423
1783973728627,1,202,0.152663,29167229-d406-4460-a214-91903062f6dc
1783973728676,3,202,0.136735,07327889-5c43-48ec-9cda-66ea4946deea
1783973729080,2,202,0.149620,9eee9d83-1b33-4cdf-839b-8d6f2c19e1cf
1783973729117,1,202,0.115721,2cc48820-43fe-44f1-99c5-16a4024127a4
1783973729146,3,202,0.130362,a7118e00-ad7e-495c-876a-60ff55315133
1783973729572,2,202,0.108461,64f835f3-d4e1-4e5a-b990-d4278b1a1971
1783973729572,1,202,0.114066,71e4c562-40e3-4063-b00a-841ab1ea506c
1783973729611,3,202,0.123473,4a895b0f-2fbe-48c6-935f-7db0a1adbe70
1783973730027,1,202,0.118069,4dc304b3-1cd7-4210-8b7a-f367bbae357d
1783973730027,2,202,0.121033,520194c7-1ec2-45db-abe2-87f376671ff2
1783973730068,3,202,0.158883,0d01d694-c3c6-45ba-8480-5a7482537a81
1783973730488,2,202,0.129779,42e60aeb-8e6d-4fd2-ad9d-d89b103808ca
1783973730488,1,202,0.221063,9296eecc-b79d-457e-97e9-a86498e07da4
1783973730561,3,202,0.204619,adf5e53c-9926-42b6-a4bd-89a7c9e07173
1783973730959,2,202,0.222074,4e5bbf50-6a25-4db6-8d61-e1dab030ea61
1783973731050,1,202,0.133958,4e3adc7e-89db-4440-acec-25b160a33951
1783973731094,3,202,0.203374,f9d9cd46-7caf-48ef-9a0e-dd6006fdba1e
1783973731529,1,202,0.144663,1e750daa-12cb-4217-af5b-2c7ea90e2100
1783973731529,2,202,0.149133,52d308e8-c80e-408e-9e77-ae592e0e336b
1783973731635,3,202,0.150223,4b9a31c6-54a2-45e1-8ece-dccbe17401ba
1783973732013,1,202,0.106248,53565582-739f-4b58-8c5e-78784b02ea90
1783973732017,2,202,0.102945,b2523c88-e086-43c8-90ea-b640c367f2da
1783973732132,3,202,0.104301,ef7f893e-507c-4373-b9bc-45bb85d71ebe
1783973732467,1,202,0.116009,22f8e17a-e7ca-49f4-bdfd-70b40ebbe0db
1783973732467,2,202,0.124499,bbd9cc42-d8b3-4073-81cf-a7206151eeab
1783973732572,3,202,0.155485,7b57d311-3261-431a-81cb-ce606dccfd07
1783973732948,1,202,0.112857,1ce2da69-6c44-442b-b312-a66a1ab4b6e2
1783973732948,2,202,0.112849,d61dc1cf-62e2-4399-bad0-ff931580cd3b
1783973733076,3,202,0.110041,cb052a88-e9cd-4c40-9632-a144eef10017
1783973733409,1,202,0.103836,46d48c15-a9f4-409c-9d6f-9098749cd32c
1783973733409,2,202,0.116565,b7ea5d53-1e99-4a7f-b82a-65997d8f3385
1783973733536,3,202,0.112688,ac5d6f75-1d19-41f6-a083-50dde483798b
1783973733861,1,202,0.106759,930336dc-dc17-4858-a883-6083d8eb4c92
1783973733867,2,202,0.105771,b93deb06-3331-4a10-94ad-c5f615d2d9ea
1783973733992,3,202,0.104799,0ffbb5db-5e52-4671-8d2a-a6079ae42ec2
1783973734327,1,202,0.112109,04d86fcc-4267-4409-a62b-3e4ec1127abf
1783973734327,2,202,0.111030,d235f430-3af2-42d6-b673-5097ba236036
1783973734441,3,202,0.103120,36a3ffae-ca1c-47f7-994a-00cfa57f943a
1783973734777,1,202,0.103153,3779ce3a-8155-4a0d-aebe-9b0b212c2548
1783973734777,2,202,0.106944,cc0b6b97-ad7b-4bc2-8a4b-eff271ae3a42
1783973734885,3,202,0.109673,8704b6e8-5698-4312-a026-7c086e7b2558
1783973735221,1,202,0.118590,88caf36a-6788-4816-b70c-a8ef6d438c05
1783973735221,2,202,0.119847,75b0ca1d-4ade-4207-898d-5b34dce4548c
1783973735334,3,202,0.111519,f2715ee8-0fd7-4fba-9d8e-1588e86a1843
1783973735675,2,202,0.106482,d32b38ac-bb71-4f83-bdaa-8a8eb6569484
1783973735675,1,202,0.119175,0bc8e4f6-98d5-4f97-b3a2-f0f21fa96d7b
1783973735792,3,202,0.103080,36905e73-941d-4dbd-9c32-0bde80f33266
1783973736129,2,202,0.112405,729365e7-64df-4f3a-b199-7be510d83413
1783973736135,1,202,0.109913,91f6cd6e-7c08-4fde-972b-4a96be50d1d7
1783973736233,3,202,0.113402,3ecbd654-8063-46b5-8bd5-2c825651e9c7
1783973736584,2,202,0.105248,cf12e093-c70f-4f07-87d1-7c72b59a7a5b
1783973736584,1,202,0.111083,647cd74a-fe6f-4b12-9017-519c421554a8
1783973736682,3,202,0.102246,53972457-3e1c-438a-b0a3-1bc3d3dc9a47
1783973737024,2,202,0.114944,253bea0f-e0e2-43ea-ad39-c82afefa8eff
1783973737024,1,202,0.116322,ede9c9a4-8f4e-45e7-9c17-38cecf7c92fd
1783973737118,3,202,0.116358,c5d8b95b-3bb3-424f-8146-bef697195685
1783973737478,1,202,0.105122,7bdf2b91-9fff-4ba2-9654-f85b33736813
1783973737478,2,202,0.106762,76416566-8c39-47eb-b593-b4a1a938c03c
1783973737576,3,202,0.112615,44466226-e6fc-4102-a542-1b117a1ac750
1783973737926,1,202,0.163443,dcd96ba6-f675-42ad-8f80-7410170ad6fb
1783973737926,2,202,0.163437,3158e242-d764-4a2f-bce8-388c772f2b75
1783973738025,3,202,0.160160,79b98eed-384c-4c77-8ca9-5f61d6dbe32e
1783973738435,2,202,0.106152,b536a629-b754-4ee3-a652-35f4d67bed5e
1783973738435,1,202,0.107394,55ae2179-0565-4216-a593-8eba35d09d4e
1783973738525,3,202,0.111676,4abac568-e41d-4c90-836e-9a2bc963aa9e
1783973738888,1,202,0.105989,d752e7a8-970d-4909-b13d-578f20585f97
1783973738888,2,202,0.122760,0ae74354-1cf3-4708-a5d4-d16acb360fdf
1783973738969,3,202,0.125524,7f2e7d04-6d02-4048-b53a-ae895098d8a4
1783973739328,1,202,0.112480,725a3f7c-8f9b-4928-be67-3bc9977233c5
1783973739342,2,202,0.106814,6bb44594-fd55-4535-8829-e7f947191596
1783973739429,3,202,0.106372,05f07544-050f-4b57-91bd-8540bcf59020
1783973739790,2,202,0.150913,7a802ebe-0013-49e9-809d-cbbf87431642
1783973739784,1,202,0.155809,74cd9ec3-47b2-42ae-8525-783fb41ba92a
1783973739874,3,202,0.118166,b2d191fe-34b1-4b52-ab31-5858910e16a8
1783973740278,1,202,0.119930,461ffd5c-25fd-4e90-9bc3-95ffd95796f2
1783973740279,2,202,0.198162,fe438f5b-54e1-4b0f-b51d-a5368fa9631f
1783973740324,3,202,0.155086,c2a8bc49-a81b-4d34-9f7c-99541682ea72
1783973740738,1,202,0.102134,5c9dd863-903e-43b7-af55-af54dc6a3cc2
1783973740813,3,202,0.125561,4122ce52-a62f-4d6f-a8fa-7271bd22a16d
1783973740814,2,202,0.125328,bdc19451-4742-43c8-8c81-5cb84e5bff85
1783973741181,1,202,0.107077,a1df1c81-24f8-490d-92f9-7736fd0edf40
1783973741279,3,202,0.105694,cb418cfd-f687-406a-bf02-eb5afeebabf2
1783973741279,2,202,0.108521,13f587a2-9f67-4151-a5dd-babfdafc7f06
1783973741627,1,202,0.111739,84edecb6-5fd9-414b-b990-e8eda93401b2
1783973741725,2,202,0.108137,899d8bfe-42aa-4ebf-a643-73daa0d91028
1783973741725,3,202,0.109897,66af4c89-fb89-46c7-b8c9-b715f54faf89
1783973742079,1,202,0.103441,8645632a-b0c6-438f-abe9-bebfb073ff5e
1783973742168,3,202,0.100056,6b8a0611-fc5b-4ee3-b3e5-30ec7830a045
1783973742163,2,202,0.113842,470330a6-184c-4fe6-ac95-5dfda5a4fe3f
1783973742525,1,202,0.131575,af2a4ad6-992f-4238-bde4-6772a6e06b5a
1783973742604,3,202,0.132519,d4d2eabf-2f24-43ff-a241-b146fe2694c3
1783973742612,2,202,0.129379,cc303623-3cac-49ff-ad53-8ad2529d90f8
1783973742993,1,202,0.108924,a36c58c2-a7d5-463f-b447-eeeec687cf7f
1783973743076,2,202,0.106546,d9b4fe61-4fe4-4ccb-b24d-4e20bb85d67b
1783973743074,3,202,0.107582,39801ef2-84d2-477b-adc6-a9c78b6f46ea
1783973743441,1,202,0.116035,4cee6b38-bc87-4e80-a97e-95c7e5a63023
1783973743518,3,202,0.109644,96a2832d-9b36-4ef0-956b-7d1a29a39bbd
1783973743518,2,202,0.109635,df3af08e-9b2e-4b50-a84d-daf656712793
1783973743897,1,202,0.129090,915d9219-ab1f-44b8-826b-cc326391584f
1783973743967,3,202,0.106131,4428ff20-7088-44b2-b02d-353018220da5
1783973743967,2,202,0.107705,9c9064c0-5a6f-4238-999a-7a1c5f343626
1783973744361,1,202,0.115559,071a29b9-4fbc-4386-b894-d2c920ca4dab
1783973744408,3,202,0.107071,1e54e826-a87d-4e56-a676-539675cd1cc4
1783973744408,2,202,0.117760,1e92d713-2e34-4d86-ac78-6e872ca79574
1783973744809,1,202,0.116938,c587fe85-6b93-4222-9833-4941b98a58ca
1783973744854,2,202,0.104121,cad97d78-2717-4edf-aa8e-de751483787c
1783973744851,3,202,0.139564,91873647-a1f2-4cce-857f-005c7fd578f7
1783973745267,1,202,0.101397,ccba2ffe-889c-4868-80e7-8d046496712d
1783973745287,2,202,0.100364,1e73421d-4499-4ec4-9902-087a76c788f0
1783973745325,3,202,0.103918,f003a4d2-051e-4c44-967d-2d2126fed125
1783973745708,1,202,0.106566,9a61ed4c-b4c6-41d5-870d-da9889d814a0
1783973745723,2,202,0.110592,a32a3554-af56-4eaa-9f4c-6a6f24db35bc
1783973745761,3,202,0.107455,a870cc85-47e1-47a3-a978-3756a2f3ec66
1783973746167,2,202,0.100255,4145766c-d7d2-4233-9e23-ace46c8a2df1
1783973746157,1,202,0.113558,c8523097-3f74-4c1f-937f-d63a12fa3365
1783973746198,3,202,0.104207,da143d86-0f80-4de5-9ee0-bb7437e1d5dc
1783973746604,1,202,0.101755,d863a0a9-1d7b-4b50-8c6a-1ab3271b09f0
1783973746604,2,202,0.103539,2f6e5267-0fd7-467e-8410-136a07e32958
1783973746638,3,202,0.104995,482a91ed-22c1-402e-8bf5-b311528b635d
1783973747048,1,202,0.110657,eabc34a0-39e3-46e9-9e11-b95b6ba14725
1783973747048,2,202,0.110667,04fc0d17-32a0-4076-93c9-b277ebfc91b3
1783973747070,3,202,0.113239,b9780f36-654a-4db0-bb67-f20dc415fb06
1783973747509,2,202,0.103695,d1189b62-c592-48b8-877e-ad2658745f44
1783973747516,3,202,0.100105,1938bbfd-029e-4abb-802e-f463b5931b3d
1783973747508,1,202,0.103810,428f5bdd-94f1-463b-a6c6-b1669109deb6
1783973747957,1,202,0.106194,57c18222-c5b2-440a-80a5-21e64b3a0445
1783973747957,2,202,0.112208,f99c04f4-8139-4998-bd25-6ca19d12b7f2
1783973747957,3,202,0.112221,3acd3faa-26ee-490b-b6c2-7b26fd9ea789
1783973748411,3,202,0.106872,02ce9a83-4102-4dfb-b69c-01efa78eea8a
1783973748409,2,202,0.113522,d213743d-c7f1-4e17-8bbb-fa6b598039a3
1783973748411,1,202,0.124650,568b5281-59f9-4f54-8af9-420925bc1f87
1783973748870,1,202,0.123732,4fd7d050-0386-4797-a3db-6e2a662989a6
1783973748859,3,202,0.167352,5b6a990b-6c01-4c34-9bdb-361dca54f8f2
1783973748862,2,202,0.165870,77ce81bd-09da-4175-99ca-7319311f0fb4
1783973749336,1,202,0.106193,f3f5753a-441d-4d9c-81e4-4eed969fe428
1783973749365,2,202,0.126295,e5b52059-7bc0-4cf4-9804-1a4099055dfa
1783973749365,3,202,0.130866,1cc6eb0b-d956-40ee-a83a-3c5163dfc1fa
1783973749801,1,202,0.115739,501d4369-2fc8-4531-a9f3-b77fffb94e1f
1783973749855,2,202,0.107285,7333a410-868c-41bb-9d09-080ddf9a096d
1783973749854,3,202,0.112722,64688c1c-c39f-4aa8-8de3-ccbefdb08b55
1783973750312,3,202,0.115268,5bd65480-a6e2-48b6-a6dd-52ea189df55f
1783973750304,2,202,0.204069,58688d5c-8bd3-42d5-aeb1-36e1cdc9d343
1783973750287,1,202,0.233169,b771b2b5-4191-4f0c-b2bd-316959e8d93f
1783973750791,3,202,0.112679,e994120e-f569-4206-87f2-066e21638daf
1783973750850,2,202,0.105652,93426ff8-f1f7-45f7-9dbe-0f36e072f31f
1783973750858,1,202,0.108326,716f8cf1-8cb7-42a0-9bee-6321aa021320
1783973751245,3,202,0.126798,f2200f5c-b519-4cae-9d31-5acf532d6c3f
1783973751289,2,202,0.116714,838a8c78-5776-4fec-9380-4bf8a7ee71cd
1783973751294,1,202,0.126752,7ebef833-80c6-4942-bff4-a7a5875e2c20
1783973751705,3,202,0.107420,9145e2ae-8749-4212-ac98-b4568a64b597
1783973751736,2,202,0.117243,8a159cdf-94c6-487f-b35b-1f2411570901
1783973751749,1,202,0.108143,0d28c6e1-eae7-4acd-bee1-87dff5d1c419
1783973752154,3,202,0.106317,c6b35b15-990b-4d9f-8b4b-c0ed06008d25
1783973752189,2,202,0.107665,7266b95f-729c-4c43-936e-2a788c15a4c3
1783973752189,1,202,0.109815,fc282bff-e022-4629-b9b9-25809bd4d434
1783973752617,3,202,0.106847,fb4ea76a-0217-4cb7-8ecd-71cdb60b9a35
1783973752636,2,202,0.108025,9441f0f6-ed38-4968-bbdd-63abdbb435e1
1783973752637,1,202,0.131471,e4018a68-68a1-4689-9e14-6c7cf32aa60e
1783973753089,2,202,0.112216,4ad8bdbd-f376-4901-af52-28f4abf24f08
1783973753083,3,202,0.116473,65039b2f-e99a-4de8-a195-6eba78d114c5
1783973753106,1,202,0.112293,de48617c-3ccb-4bad-bfc1-2d15751c1778
1783973753546,3,202,0.115336,4a7bb018-2d89-4061-bab3-b374a0b0f1ac
1783973753554,1,202,0.116914,34c84b99-30b9-4bbd-b989-a57dbeac1d0b
1783973753546,2,202,0.118670,57383ff4-d900-4aba-af2f-646fbce738b2
1783973754022,2,202,0.112859,f30a1094-9f50-4a65-89d4-0e4ca2160854
1783973754022,1,202,0.118442,d5b47894-0c2b-4f1b-9a5c-f571c71998d4
1783973754022,3,202,0.124641,3f058477-7c8a-4d4e-a534-6c0f30a6d85f
1783973754506,3,202,0.110369,04556072-fb62-43c7-a056-5e3286c2db17
1783973754506,1,202,0.111146,647fad6a-8daa-4aea-afa0-a0482ef0d7a8
1783973754506,2,202,0.114154,c129e5cc-cc16-40b7-b010-2c5ae16a814c
1783973754975,3,202,0.113982,762a164d-bf61-4282-81a7-d016410b9d24
1783973754975,2,202,0.120893,9fd994d4-8341-482f-b72b-69e99f8e59ca
1783973754975,1,202,0.119623,d7c01c74-8542-45a5-a329-7615c5a693e7
1783973755457,2,202,0.116145,01a4b5f3-3576-4ae7-aed0-da097b15fc7f
1783973755457,1,202,0.123759,d92280c8-0521-4dbe-8f76-e4d88a0a0b10
1783973755457,3,202,0.133577,3ff80f67-9c58-48b7-84b7-385dfd793023
1783973755949,2,202,0.130685,5c9f895e-cce8-43e7-afc3-d677510daaba
1783973755949,1,202,0.148534,ebe1b2a0-aaf4-400c-9fcb-8d3f9a589759
1783973755949,3,202,0.148547,9db4478c-913e-47b9-a07e-ef8bdb3da2f6
1783973756420,2,202,0.103854,1d3a58b9-fbb2-4414-a0d6-4bbee1789d56
1783973756436,3,202,0.114427,33a2935c-3dc0-4e01-b910-886f37f30c82
1783973756436,1,202,0.120358,980de84a-3e95-4051-a6e5-bdac9c0171b9
1783973756865,2,202,0.128529,615857af-1bdb-46e7-a2a0-bf112db591b5
1783973756889,1,202,0.112668,4f938364-c56a-44a1-857d-94069a827ffe
1783973756888,3,202,0.127107,8a834333-09d7-4861-adf6-23ffc42d032e
1783973757362,3,202,0.116002,2469f9ef-16e7-4a60-8fe5-5cb6a49dd700
1783973757357,2,202,0.152604,0f1776cb-0414-4870-a1af-7a289e509c66
1783973757357,1,202,0.188725,faf997df-2f35-434a-a6e4-29d1602c85dd
1783973757839,3,202,0.109528,e6e422bd-cd42-45a4-b236-f4e9ff22dbef
1783973757855,2,202,0.106192,03bbc86d-41f6-4d01-a1f2-8b46af5246a6
1783973757888,1,202,0.110345,2518023e-4d11-4bd2-86a2-b164f636a5b5
1783973758309,2,202,0.105791,5ff3b7a7-fcb5-41c7-9262-ee734ec89fd8
1783973758309,3,202,0.114179,ffec9b88-164c-4d4a-a8fe-44f6907f0ee6
1783973758334,1,202,0.111839,6f013408-22f9-48f7-a6ae-1365e1a08f3b
1783973758773,3,202,0.115403,65006765-9f28-4af5-ac1b-de700ab87b9a
1783973758773,2,202,0.114377,c335feba-fff4-419f-8eba-9ac2f9645538
1783973758784,1,202,0.140688,cf7300ad-00b1-4316-8a60-a4aa571836f7
1783973759251,2,202,0.114956,b0240f17-3b38-4425-a469-8ca3ccd98339
1783973759251,3,202,0.115555,b25e7089-0759-4007-a9e5-433d0080d4e9
1783973759266,1,202,0.112236,de602f1f-bf07-42d6-ae67-15da4694b6ed
1783973759731,3,202,0.125521,03055b46-2d0a-4588-8e4a-f9ae38448d17
1783973759731,1,202,0.124126,08012a7d-412b-411b-bc0a-f0ad106f7a53
1783973759731,2,202,0.130326,18f78d7e-fdb4-4401-8ccb-f7792c78c9d2
1783973760226,2,202,0.116451,b1275d05-2a03-4ece-b2be-9afec62d8de0
1783973760226,1,202,0.155028,6640c824-bb47-4ef8-bbc0-7e53737d9a24
1783973760226,3,202,0.158735,54c52abf-b800-4db6-a345-abe28d464536
1783973760696,2,202,0.115580,94f55f32-f8d1-4f83-8c32-244a73e896ce
1783973760728,1,202,0.118033,dd1d587f-82d1-4edb-8c67-1065f138ec04
1783973760728,3,202,0.123135,7f356f0e-f9e4-4a95-ad51-9e44215759b7
1783973761171,2,202,0.114840,f391d5f2-284d-48b0-aa22-eb4f12ed2c9f
1783973761189,3,202,0.110122,b372c391-dca4-4373-9536-f0edbb496142
1783973761185,1,202,0.114115,e333d38d-42c0-422a-ab1c-e80333cb750a
1783973761652,2,202,0.108419,d8be1d19-aa6a-4cff-b332-2e3d43bad133
1783973761652,3,202,0.117082,17ded182-9faf-476a-a993-0ce5cec3b5bd
1783973761652,1,202,0.120486,0c340e70-0231-4191-a2ff-6466d028abb3
1783973762137,2,202,0.115387,739d99e6-76ec-4c67-951f-26b0ae2cf2d1
1783973762141,1,202,0.111398,a3ff3864-982f-43fa-8f44-b1d3708bf409
1783973762141,3,202,0.113957,b8cecb0e-bec7-467c-ad19-2a5611abde48
1783973762612,3,202,0.107362,4c049dc1-1c3d-418d-8085-3cb4ccf09d4c
1783973762610,1,202,0.109426,96a6432b-0ce4-4b82-939a-4eb0b2f7fa04
1783973762610,2,202,0.117153,a773b596-4c54-4460-b112-fe1f7d199f49
1783973763070,2,202,0.126301,d326fc18-b050-4639-aea0-fe2b691caf29
1783973763070,3,202,0.126314,12a33325-436c-4977-9c9b-71bf9e7c051c
1783973763070,1,202,0.126265,09a038f0-c44b-474a-ab13-503c365be3ce
1783973763564,2,202,0.110539,f84fbaad-038a-4435-924e-12555420bfd9
1783973763564,1,202,0.113888,11b582d0-7b7d-41a7-82d2-1f5019294a82
1783973763564,3,202,0.113903,80447e63-094c-4a38-a69e-ecf5c18ed6e3
1783973764025,3,202,0.110883,41ec51bd-a1f5-4632-8aee-03162ac284c6
1783973764025,2,202,0.113437,f0c30d9a-853b-44e9-9689-b5a006e34e64
1783973764025,1,202,0.114722,bc0beb8c-004c-4514-954b-170c93b29ec1
1783973764485,1,202,0.110758,05bc8797-e51e-45ab-b62a-c4b9befc51ad
1783973764484,3,202,0.126104,1de2dc7b-a3f3-41bf-b1c1-589214f04947
1783973764485,2,202,0.142092,768c680d-6aaf-4c37-9dd9-352a77322524
1783973764932,1,202,0.107281,fe5e31d6-c798-42b0-8ad3-bb38e35dfad3
1783973764957,2,202,0.115942,de8d863a-5d82-4c97-93a5-f598ddae9c06
1783973764943,3,202,0.137064,6bdfd699-fd91-4cf5-a4cc-7f4f67264061
1783973765374,1,202,0.151703,14f00157-3046-4539-8dc7-d007a3d5633e
1783973765411,3,202,0.163294,88bc1aec-aa4c-43d2-9e23-f6b89c3d27c1
1783973765405,2,202,0.165299,e8c81aa8-fbd6-4726-a1d0-c554721d3f87
1783973765877,1,202,0.120772,09742700-a4c2-4eb1-96ce-3a6a4de53c4b
1783973765914,3,202,0.107261,06b38dac-3b44-4633-bef8-20fc5297a48a
1783973765914,2,202,0.117908,74f52673-3d1e-41bb-a28b-eb1c508a7c27
1783973766347,1,202,0.108005,0f51b4d5-5bd7-47e5-9a7a-23f40a0ab38a
1783973766357,3,202,0.115050,ab271c1f-0e4f-413c-9c60-0712dea81352
1783973766364,2,202,0.108420,dc6e40d0-9be9-4ea4-a423-32e04e41aacf
1783973766796,1,202,0.108049,7c0f9c93-9c7f-44f4-a9b6-7aa8fca621ea
1783973766807,2,202,0.105265,a61f1b08-35ad-47ab-b618-a879a51376f8
1783973766806,3,202,0.107460,dbc8122f-ea47-4c89-8da9-1fc996a27a39
1783973767260,2,202,0.112534,2735b8f7-6085-4564-bfe8-d2d10a6296a0
1783973767259,1,202,0.114954,d5b59a9b-8d71-40af-9e20-9aafd954d76f
1783973767259,3,202,0.120094,c263e310-3bc7-400e-9847-314a039ae845
1783973767739,2,202,0.123204,9260bb3f-53f4-49d0-88bb-927377eee79a
1783973767743,3,202,0.125686,6f91156e-4662-4ded-aee2-c6211225d2e3
1783973767739,1,202,0.129347,985835e5-71f0-4ae5-8513-1b7a8794e59b
1783973768224,1,202,0.113702,da9c0e15-5551-49d5-bbf9-6781b2291717
1783973768224,3,202,0.111672,a71ec976-5c21-46f5-8c69-a5a28c102f09
1783973768224,2,202,0.119303,9cbdab06-ac82-480d-8216-bfd5873de1d3
1783973768696,1,202,0.109661,48a4f725-a71b-4175-aa55-d7307e168328
1783973768696,2,202,0.114430,2cd636ad-a192-4ac6-885a-b9b08424e227
1783973768696,3,202,0.115974,507f0461-29e7-4472-b021-a3d34a5fd2f2
1783973769161,1,202,0.113305,3457179c-9b3b-4866-b6b7-7d3a75c722d9
1783973769162,2,202,0.109690,933fe8ac-e0bd-4a5f-8868-a4953a3a9342
1783973769162,3,202,0.113305,49c21f50-67d9-4cd0-afb9-640999c68303
1783973769649,1,202,0.114715,dfeaf011-c571-4f38-8681-eb988256adbd
1783973769649,3,202,0.114129,c2605248-6c65-4a4a-89c9-17ca8e7d2004
1783973769649,2,202,0.118720,039a29e3-1499-4c2b-9e43-8bb3cde83a02
1783973770136,3,202,0.114109,520c6323-c44e-46bd-83d8-6ab69bdaf45c
1783973770136,2,202,0.117910,d9f38bbf-d406-4a43-8e97-1ed647e3d77e
1783973770136,1,202,0.123849,28f6c07d-8c3a-46c2-8491-ae320ecb6efe
1783973770625,1,202,0.106168,618e7bec-f06d-4a38-a5a9-bcbe1ef81259
1783973770623,2,202,0.108794,ddffdb8a-aa1d-4987-95d0-919923520c04
1783973770624,3,202,0.122503,35ade55f-d6c0-431d-9fc9-04dcd5a944b8
1783973771089,1,202,0.112669,e9e6de3d-6ede-4c18-a3c6-a6d8fe65ca42
1783973771089,2,202,0.110285,f4459ad6-ff1e-4d42-8084-cf080ce3d6fd
1783973771095,3,202,0.108336,f183e969-f6f5-4254-922b-46f88e4d035b
1783973771570,2,202,0.114317,cc772a44-8896-42fb-8968-2706ca3108da
1783973771570,3,202,0.112770,e0b96214-b800-4f9f-8d4f-cbc1875a9d34
1783973771570,1,202,0.109979,1c2417a8-eae9-4e20-96d4-c1ac7450bf98
1783973772050,3,202,0.107722,f94ec028-8a48-4233-a8b3-eb9bcded5885
1783973772050,2,202,0.111256,275bfb47-c784-4cc1-94a2-9475f8b29aa4
1783973772050,1,202,0.111299,d28e0000-f1c8-4533-ae0d-e901697e7ade
1783973772524,2,202,0.109903,7562a545-60f3-48b9-977c-dcdc4b61192f
1783973772524,1,202,0.111936,d11e2e66-8219-4f7c-9256-f064bf3f343c
1783973772524,3,202,0.108640,e4378cb7-d72d-4282-89c6-a4a4324da525
1783973773002,3,202,0.105503,90bafc9e-0cc0-4cf6-94b1-c490d73498a4
1783973773002,2,202,0.108131,e6047f64-29d1-45c6-9fc6-aeed2bcb8184
1783973773002,1,202,0.111209,5d7c6754-1bd2-4864-ba9d-c7b07b245a74
1783973773454,2,202,0.114256,29804543-7896-4ac3-bda4-c59c0b17bd69
1783973773455,1,202,0.122439,3356d07a-4e18-49b3-a210-af98ccf955c8
1783973773453,3,202,0.130322,e31290b9-fd2e-4d61-9dda-8895c72b8e6c
1783973773922,2,202,0.111173,7379339d-3855-468f-ab17-ff1ed8ac95de
1783973773929,3,202,0.110353,2d6f2ad5-5c66-484f-9783-db2eeb6da8e9
1783973773922,1,202,0.118110,dad61c7f-c5d9-495d-8a1f-e15c4d161b14
1783973774403,3,202,0.109031,99016fdf-9cd4-4797-9b46-b88e017851bc
1783973774403,2,202,0.107435,5620858c-29a1-497a-ad4e-9a3b6079968f
1783973774403,1,202,0.111691,ce0dc972-6155-4fd7-a75a-aa8112b4fccd
1783973774879,1,202,0.106064,d2b39265-39e6-4d30-8ab8-339976628b45
1783973774879,2,202,0.110078,40552e10-97a1-470d-999b-9466a31e4178
1783973774879,3,202,0.113639,9ce91a63-8015-44c9-9ec6-2f00c90a675c
1783973775351,3,202,0.126200,8dd140b4-32f3-49fc-80f3-c588c073e890
1783973775351,1,202,0.123136,de2060b5-9902-47f5-880e-e64fe29316b6
1783973775350,2,202,0.121982,aa240a1b-d1d7-44cb-bac2-ce9498ae2855
1783973775836,1,202,0.105018,4b9944bb-4ca3-4d78-9759-77ea584ee3ea
1783973775836,3,202,0.107640,f4919ecd-080a-42b2-8113-e1523319c2db
1783973775836,2,202,0.112775,e8957acf-2df1-4286-b76a-238acc3f8a54
1783973776312,2,202,0.118399,150ce49d-1452-42c5-8319-02e1ef86f473
1783973776310,3,202,0.115340,ee221795-0fe7-4fef-883b-0fdf64f2836b
1783973776310,1,202,0.117965,2a2ff6e4-e09b-4e8a-ab1e-fa70684eeb7c
1783973776801,3,202,0.114007,7fd40f1f-f796-4608-9015-1c8ceb2a3c7a
1783973776801,1,202,0.112756,cb3d8695-d25f-4962-aa23-491856a1896b
1783973776801,2,202,0.122568,3b24eac6-94b5-4d14-a24b-a21106f4db72
1783973777289,2,202,0.107200,3f57ebdb-fb30-4770-8ed1-332ae9a82000
1783973777289,1,202,0.112653,f87f535f-446f-48c2-9aee-fa490f008365
1783973777289,3,202,0.112594,a501555c-df90-4bf5-a1f6-6eee217b2484
1783973777757,2,202,0.111485,9039812c-3b00-4541-8e0a-16fc0e76e6df
1783973777760,3,202,0.109914,56b2a2e2-a9e1-4826-b430-4653ee2424f7
1783973777760,1,202,0.108070,9e190063-9b17-47d7-a00e-4714143abefc
1783973778238,1,202,0.112383,108783f3-cf9b-446c-a5c8-03539dac5ead
1783973778238,2,202,0.112363,2c9db9de-a9c8-410f-b5a1-b6d09dfd2ee3
1783973778238,3,202,0.114810,9efd813c-0d67-44dd-8fbb-a0860d23682c
1783973778709,3,202,0.107408,d8d334b7-2079-46dd-b9f1-3171e6599e59
1783973778709,1,202,0.110699,472c9045-807a-4312-ad61-91f97bb7bde6
1783973778709,2,202,0.110718,30d23a8e-1f93-48ed-96e5-00677debf7f2
1783973779183,2,202,0.119130,187f18c1-ecec-4cb1-8b3a-ac3b50400bdb
1783973779183,1,202,0.119114,c4e02b29-79f6-4c3a-91c2-3a617a593895
1783973779183,3,202,0.126739,66565cad-8e6f-4a83-8a0d-8393b515b9c5
1783973779672,2,202,0.106327,c87bed62-ba24-4a1f-9cde-794049dcaa4d
1783973779672,1,202,0.110606,1028f436-fa28-46e4-80df-3ba1ae671f02
1783973779672,3,202,0.110559,ac9b7fe9-8be8-4c87-b087-2a91c6d3dacb
1783973780147,2,202,0.114279,24d3915e-f1c2-4b26-a140-3fdbe6b6b5b3
1783973780147,1,202,0.233801,c156cc6b-bf6b-46d8-b420-b1ba3a8f148a
1783973780147,3,202,0.241977,91488267-6c7e-4cca-90e0-80a1ac1dbf9e
1783973780636,2,202,0.111136,10dfea50-ac72-4fb2-bfe7-f19737482ff8
1783973780746,3,202,0.110495,5e485361-c049-442f-a2ae-13d928005973
1783973780745,1,202,0.112343,7aee7fd7-b90f-4393-a08b-15c22f1fdac9
1783973781098,2,202,0.110483,cc2dafc1-4135-47bb-901d-8125d854903d
1783973781211,3,202,0.111956,5dc356a0-10d7-4ecb-a4fa-e05aeba61edc
1783973781211,1,202,0.118063,030c720e-aeb4-4644-abbf-553bd720bfdc
1783973781564,2,202,0.108780,7e0a971a-e833-4f8f-b854-6ce52947411d
1783973781678,1,202,0.113330,e7101a74-ed35-4336-b9ef-c0e714abb427
1783973781678,3,202,0.124409,872e80c5-1f7e-44ad-80b5-b51b2afaf680
1783973782027,2,202,0.111739,68d07f01-52f3-4133-9955-33839ff33a38
1783973782147,1,202,0.112161,f7b8615d-235d-40ce-9d02-6a85e5283b6c
1783973782152,3,202,0.109561,6832c85d-18ea-4e91-83a0-c81193475f23
1783973782489,2,202,0.109039,ab682766-11dc-4c8d-b92b-7a8b1c44da84
1783973782616,3,202,0.112341,afd7af44-0e97-4ff1-972f-a00630e8ceb1
1783973782616,1,202,0.114748,c63cd3d2-134d-4895-8d38-81dfbe3a748a
1783973782957,2,202,0.110796,6234bdf4-88fc-4a43-ac88-385c499cbb43
1783973783088,3,202,0.135784,19a41f99-d1c1-4191-a05f-79d2307c1d1f
1783973783088,1,202,0.154982,ccc77fab-b29e-458f-9a35-f0c5d155dadd
1783973783426,2,202,0.109205,d0fd7a5a-ebbe-4905-a17f-9460562603ab
1783973783580,3,202,0.110470,806b5332-e5be-49fe-a53d-e616d4b9a4f1
1783973783591,1,202,0.106246,5c1c4d21-31c0-4f1b-bfbe-8f52970588a4
1783973783904,2,202,0.107278,ad9ac8e5-4fae-4c1f-b2f7-b4d16d4d20c5
1783973784043,3,202,0.113958,4aee643d-edc5-42c6-9830-2fdd4de568f6
1783973784042,1,202,0.111880,05e2eedd-4cae-442b-a898-513eac9f1aa5
1783973784381,2,202,0.109313,3b3d5b8b-b002-4066-a806-d00d2d18ae4c
1783973784522,1,202,0.118085,a0221cc6-d9e6-4c5c-b58f-5c4299c2447b
1783973784522,3,202,0.119358,059e2aee-2830-4a05-b22b-43a814879cc1
1783973784862,2,202,0.110483,db4409a9-a1bc-49b3-965e-a26e6b259611
1783973785008,1,202,0.110347,9bd5690e-dd6a-4f4a-954a-0346c2b84ac9
1783973785007,3,202,0.115076,b20cab6e-ede4-4e9b-82bc-466175687cf3
1783973785340,2,202,0.113030,fef3a533-57eb-4747-a0fd-49a55d583841
1783973785479,3,202,0.107840,a3ce9bf7-73ab-43ec-95fe-3f68cca15230
1783973785479,1,202,0.109552,1512f52d-56c3-49fc-b409-5b12b5cc1ec2
1783973785821,2,202,0.114123,721ecfdd-4bb9-42ce-8669-56736d6b3761
1783973785948,3,202,0.110185,7b0b71ff-80a8-49a0-ab91-992b73f90950
1783973785948,1,202,0.114200,1c4b5896-3dbe-43a0-bdb0-ba2e45801f63
1783973786279,2,202,0.108750,45b25a95-6c10-4375-b4b0-62101fd0df0a
1783973786404,3,202,0.105629,76e61476-6a21-42ac-bdce-fb77f886bcf5
1783973786404,1,202,0.112566,c1e332fc-21d3-444c-b71d-02d1e7e89817
1783973786742,2,202,0.109299,baea0441-724c-498b-905b-17d2e288af43
1783973786873,1,202,0.109624,1339609a-372b-4963-8d01-bbb4a0b3a347
1783973786873,3,202,0.119984,88c9896d-fd43-48f0-ba5f-c5b345bd1011
1783973787219,2,202,0.109761,15af44a1-ea99-4c2f-9c55-f7b7cc1cc3d2
1783973787349,3,202,0.111035,2ffa39bf-dca2-4586-99b1-a240275c854b
1783973787347,1,202,0.112799,46bf3cbd-89b2-4203-8d16-f98df2d912dc
1783973787701,2,202,0.108697,39bf67ce-ceba-4b7d-89ef-7e9def42cb21
1783973787818,3,202,0.103598,6594b2bb-453a-4abc-a396-c9b9e93a7118
1783973787818,1,202,0.110097,b2e41310-1a5e-4e7c-86da-c97b4b73d473
1783973788167,2,202,0.109187,c28bd4b1-4f06-43d0-9dd5-925729df9cc8
1783973788285,3,202,0.108634,3737439d-a9ee-4156-a42a-e79c6943937b
1783973788285,1,202,0.110385,1ef1b5d2-75b4-4538-8a3a-ca00ccec45dc
1783973788633,2,202,0.109893,82aeae88-a161-4e30-8966-e955d053841c
1783973788748,1,202,0.107173,706abfda-5cc4-44e9-a1e9-d4a7e46bdab6
1783973788748,3,202,0.111097,ff699661-4547-45c8-9c16-7cb7e463e5ca
1783973789096,2,202,0.113647,26c43add-1d14-4da7-953a-e2d90aa4c116
1783973789213,3,202,0.107143,1fa53a90-3bd6-4a3c-88db-32f1850f249f
1783973789213,1,202,0.108878,d7859a48-bd57-4b3c-b0a3-09c4c75646a8
1783973789563,2,202,0.126011,f3b435ac-611d-4285-be73-8fd57c745066
1783973789672,3,202,0.120366,320fb401-4fec-4e4e-8666-5435e6a0c2c2
1783973789672,1,202,0.131784,535050e4-1d7e-4eee-bd0a-3efc0a26c3e4
1783973790044,2,202,0.140145,13c7fb70-c395-4103-8ab9-8fc0d02d0465
1783973790141,3,202,0.139241,50809021-da1d-4b51-a1ed-a78684e55800
1783973790150,1,202,0.168681,ce35f550-d736-46f8-b98c-e00438283ad5
1783973790534,2,202,0.114381,c1f8c8a7-b1e4-4d88-8d87-82b541956c4c
1783973790628,3,202,0.116433,ac41beee-8204-445f-adda-691098e8f990
1783973790660,1,202,0.139666,135d97be-be41-4cfd-b98f-b0554a71f73e
1783973790998,2,202,0.109225,dbb40d14-92ab-4874-9720-930e7e51a4bc
1783973791085,3,202,0.122312,6e976878-74ca-44b6-a6ff-17c33b73bd5d
1783973791138,1,202,0.104758,c2c6db07-1943-40ca-8134-1fd4cb6284d9
1783973791457,2,202,0.116312,9ba81155-3713-47e4-83cd-fc2f6162cd83
1783973791554,3,202,0.115806,17f77df2-79a3-44de-ab8a-a7188636803b
1783973791579,1,202,0.112256,d0dbbed2-83e7-4e8b-ae73-0811f480efc3
1783973791927,2,202,0.108852,d2ec6958-a736-484e-8ad4-a12028ce987e
1783973792016,3,202,0.108761,7b3cd6a7-c705-4bf1-825b-2442f62acd5a
1783973792024,1,202,0.151718,adc5deb1-7deb-4813-92b6-801182d81276
1783973792389,2,202,0.115777,7515721b-1102-415a-b769-3a9b2cd977c5
1783973792469,3,202,0.120068,0e179bf9-9c59-42f4-959e-00e886bb3333
1783973792518,1,202,0.119540,39f0d833-e157-4dfd-8012-31eec5158042
1783973792860,2,202,0.109098,26b3a0cb-6834-4ad0-aa59-b57ab5bbf459
1783973792936,3,202,0.106849,40faebbf-7719-4f29-9215-4c21440cb82c
1783973792977,1,202,0.107029,5619a16a-0bcd-49f5-98a6-c1e788056be0
1783973793320,2,202,0.105300,27cded18-2ecb-4c3a-8e7a-dd5fe4938029
1783973793383,3,202,0.105714,b721b875-78d8-4642-8dd8-d8b2479349d3
1783973793420,1,202,0.105694,018ce09c-b05f-4f68-9ded-9aa7219d306a
1783973793775,2,202,0.106732,43fc141b-9629-4019-82e3-ec457e9b05d6
1783973793828,3,202,0.126103,2518e0e0-53c2-4ee3-8b68-23b73c64025d
1783973793863,1,202,0.121878,faeb631d-e90e-4268-a813-330c69171de5
1783973794235,2,202,0.104944,39392685-2b14-46ab-aaf6-4e990dd96c29
1783973794296,3,202,0.116858,b4f5053b-2dc3-4205-aed2-d7bc50755e46
1783973794325,1,202,0.107307,def1b0a5-afba-4cd8-94a7-9b7a368c018c
1783973794686,2,202,0.110555,ccdc5751-8fed-4183-836d-dc40b1b24f80
1783973794764,3,202,0.106429,777a2016-9d60-4195-a162-7fd68cff24ee
1783973794769,1,202,0.107543,9a9de0b4-ffda-4d37-a821-aa27aee4453e
1783973795153,2,202,0.109239,403250c7-b206-4783-937a-c802284eb956
1783973795218,3,202,0.110184,0d90f76f-1653-437c-b76c-d5a13afb15e4
1783973795221,1,202,0.108492,1c37d6cd-6f72-4687-b7dc-0271e5a036ea
1783973795616,2,202,0.122622,b45905f5-da8d-4987-9450-d59d78ea6359
1783973795672,1,202,0.107261,635210c9-27ee-4c5b-967f-b3cfd1335393
1783973795671,3,202,0.109273,17d98c7f-a137-4103-99d4-5dc9adaccd5e
1783973796095,2,202,0.108298,cb047d30-ffeb-4e4f-9b12-3d4504acb3bd
1783973796121,1,202,0.108380,e3bf5d89-796c-4cfe-9b33-27d8ba4b4067
1783973796120,3,202,0.117019,b261ff96-4a31-43ad-94ae-588b8fdc5c0e
1783973796558,2,202,0.115290,1b267df1-7fc9-4910-ab16-1150ed763a50
1783973796571,1,202,0.110302,c1279ecf-02d1-4d7d-820c-20d278e71140
1783973796575,3,202,0.116183,0a7d573a-e2ce-47b5-bb17-7736f3733559
1783973797037,3,202,0.121610,c2bfe551-2af7-431a-8c7c-ddbf91cad7fb
1783973797037,1,202,0.121610,4c888c63-70d0-4925-b498-f76d0829e760
1783973797037,2,202,0.121600,f2cf07a3-532d-4450-8656-25b99c8d4b17
1783973797527,2,202,0.111191,f0eaa843-59e1-485b-93cc-3080a0b18e90
1783973797527,3,202,0.114158,b17061c2-ae96-4bcf-a6b4-a6457f64c3ed
1783973797527,1,202,0.117954,1702e826-25df-4074-bfda-1c535d9989e3
1783973798004,3,202,0.120052,22fcdf56-1cb2-4dd5-86e7-608a543d05f1
1783973798004,1,202,0.128882,53431bbd-6b78-4778-865d-163f4e42f2a9
1783973798004,2,202,0.128933,7544782d-3a77-4f36-8269-4212efe47043
1783973798496,3,202,0.114736,93645d0a-5696-4192-b2e0-2669a6a8457b
1783973798496,2,202,0.114714,8841c08d-9b1a-4d03-b815-6b2d553da2ab
1783973798496,1,202,0.117312,da90ef3e-1929-418e-a44f-68cbdfabae71
1783973798969,2,202,0.111006,fca19235-b7d0-4e9e-9ecb-efda20e929a4
1783973798969,1,202,0.111825,fe201631-4206-4cb8-bb19-a2a95619f3a5
1783973798969,3,202,0.118923,f7677c51-bf0f-408a-ae4d-cc9feaaf5a16
1783973799453,2,202,0.116144,36833108-3db7-49ed-b846-97bcbd30931a
1783973799453,1,202,0.112352,f071c261-c4a0-472f-b912-fa5ad70cec21
1783973799453,3,202,0.116110,24121043-1540-44b3-9f6a-7dc158cca86e
1783973799931,2,202,0.112972,a449a5a3-2ad8-42c7-acad-ba9354a6f7ae
1783973799928,3,202,0.111404,b1caddeb-c0c9-48a3-a54a-c0a081887b48
1783973799931,1,202,0.115898,6e7c46c8-6c14-4e1e-8bec-08f07034f74b
1783973800417,3,202,0.133184,34df12d1-4de1-48c7-b351-ba686b3b996d
1783973800417,2,202,0.141286,6c90a07a-5ab4-4f32-b550-f703484e562d
1783973800417,1,202,0.141345,32f91ffc-f7c7-4af1-a9f9-22f4253e34c6
1783973800930,1,202,0.107270,d80e38b2-4d5f-4cd3-a090-a443cd51c1f4
1783973800930,2,202,0.108516,4f1c8681-e9b5-418a-a3b8-3a5fbfe7b317
1783973800930,3,202,0.112722,37e8b16c-6f83-4862-aca7-ecbf0b413c69
1783973801402,3,202,0.123838,75fcd3ba-d64c-4499-8f7e-667b6667fcc9
1783973801401,2,202,0.122493,98b0500a-7415-49a6-875c-895920055920
1783973801402,1,202,0.129886,f602963e-d991-4bbe-8e50-c1cd7d3bbaa0
1783973801897,3,202,0.112932,c7634af9-3936-4e6c-88f5-72fd5b1a63e3
1783973801897,1,202,0.116048,5e2112b9-347c-419f-ba95-4a8a6f1ff836
1783973801897,2,202,0.124491,18424677-78f0-4e34-aa7b-ea86f1ac34c2
1783973802381,2,202,0.114842,73fd0491-07df-451c-b71f-0b0a169a5569
1783973802375,3,202,0.112104,3318eeda-02d9-4ce9-a3dd-714187c41466
1783973802375,1,202,0.117010,06966193-66bc-4077-909d-76c1fa556806
1783973802853,1,202,0.109592,649f7236-1f19-4acd-a108-8367d1f8d8a7
1783973802853,3,202,0.110862,18415322-f585-4a78-94c7-3ff63c58acd9
1783973802853,2,202,0.112869,9ca53582-b700-41df-9fd2-9b44a07c90af
1783973803326,2,202,0.108119,bc9d8320-d604-4d9b-b4c4-160db31d9f34
1783973803326,1,202,0.113739,cab05183-e5cb-4845-b4d7-9ab36c806bd4
1783973803326,3,202,0.114942,1eb5957b-e860-4ac4-b4df-8ddb5cf9ed74
1783973803798,3,202,0.106547,affcb13e-04e1-46e2-9477-31a31c39d793
1783973803798,2,202,0.114362,157e4aee-30f4-42fc-9658-136675ff43e9
1783973803798,1,202,0.114369,f493987a-800e-415f-a7c2-0508f76c611e
1783973804272,2,202,0.130542,14bd1c09-b877-4770-b9f3-e7812e1436b3
1783973804272,3,202,0.132233,33e23eb7-3bbc-4cba-bbb2-455a174107ad
1783973804272,1,202,0.134008,1996c9d4-1430-4d24-a767-784e520d7d8c
1783973804774,2,202,0.117716,441facf2-601e-4a99-a6d1-213e687fa989
1783973804774,3,202,0.116048,fedf42f4-0e0f-4fbf-a273-02a493992d0e
1783973804774,1,202,0.119841,a82971ac-7837-4384-b8ab-a90f91f2e1e0
1783973805268,2,202,0.112123,4dfd562e-59f9-4943-ae93-ab6fa8184be8
1783973805268,1,202,0.112123,87a06cf6-bbe7-475e-a4fe-bb733f90572c
1783973805268,3,202,0.115869,61a8aa0e-7701-4f7c-80b9-7364788adcdb
1783973805756,1,202,0.110327,b1ca8eff-970e-4ad7-a7b9-8ef7ffa170a6
1783973805756,3,202,0.112603,09586cc2-a6c7-41af-b590-35650b6095f1
1783973805756,2,202,0.114269,fa74847a-09f9-4b44-92d9-f0d2f39e69a3
1783973806243,3,202,0.141821,4d24ae75-39be-4769-9512-02c5dd1d3da0
1783973806245,1,202,0.140148,9e7b3106-8fc3-4492-8775-fcc7ce1ae582
1783973806244,2,202,0.140153,3f177515-777b-4b4f-ad04-83494ccd4299
1783973806758,1,202,0.106033,6909bbbe-d527-479a-9862-6e5ab0c949a9
1783973806758,3,202,0.113114,5c365c89-d5aa-43a6-922b-df5a6945c549
1783973806758,2,202,0.111221,338a5604-49e7-4153-a4b2-6a3c96be6d1c
1783973807228,1,202,0.112888,3fd7c37d-208c-48b9-9fdb-f3fd6318c3df
1783973807232,2,202,0.110915,5d5c59e5-0e41-4232-8107-033a39588e02
1783973807232,3,202,0.115837,f6f312ce-c8d2-426e-8a5c-40e568f704a0
1783973807715,2,202,0.106187,26ae94ea-2d76-47a6-be4a-d1b76a55973b
1783973807715,1,202,0.117834,437bc018-894c-4d29-aa1f-aabb512eb668
1783973807715,3,202,0.117844,500e1d21-f23e-4948-abf8-ae46f101bd33
1783973808193,1,202,0.112472,84d985a8-53d8-4810-ad02-6f6744154f57
1783973808193,3,202,0.113964,e19dcc11-0b12-4087-8f78-1bfc114295e0
1783973808188,2,202,0.117952,e4866bd6-3e4c-4365-a7e2-2fe8eac391fc
1783973808670,2,202,0.106643,bab5cdc7-9feb-4c16-8fbb-a99e40f65001
1783973808670,3,202,0.118898,f79be9b0-ffd8-4b01-840f-7c30a51e1820
1783973808670,1,202,0.121162,c23cd476-f9d2-4859-81da-6109590e8c01
1783973809150,3,202,0.107249,f9100328-ff44-4ae1-9a46-075370128c8e
1783973809146,2,202,0.109923,8e7d1ab7-63be-42e4-aa4d-e8f06c7b717b
1783973809150,1,202,0.107702,26731d8f-5d31-4f29-bb6f-3cf2e028a0ad
